Workbook

Sheet All
A1: Tutor Name | B1: Tutor ID | C1: Stage | D1: Subject | E1: Status | F1: HR ID | G1: Stage Range | H1: Email | I1: Mobile Number | J1: Active
A2: إيمان محمود | B2: =VLOOKUP(A2,Tutors!A:B,2,0) -> 137198142829 | C2: Lower Primary | D2: Discover | E2: Backup | F2: =VLOOKUP(A2,Tutors!C:D,2,0) -> 1840 | G2: =VLOOKUP(A2,Tutors!C:E,3,0) -> EG04-EG05-EG06 | H2: =VLOOKUP(A2,Tutors!A:F,6,0) -> imaneabada@gmail.com | I2: =VLOOKUP(A2,Tutors!C:G,5,0) -> 01005729272 | J2: =COUNTIFS(Active!C:C,A2) -> 0
A3: نسرين زهران | B3: =VLOOKUP(A3,Tutors!A:B,2,0) -> 193156013197 | C3: Lower Primary | D3: Discover | E3: Active | F3: =VLOOKUP(A3,Tutors!C:D,2,0) -> 2172 | G3: =VLOOKUP(A3,Tutors!C:E,3,0) -> EG01-EG02-EG03 | H3: =VLOOKUP(A3,Tutors!A:F,6,0) -> the.peace20006@gmail.com | I3: =VLOOKUP(A3,Tutors!C:G,5,0) -> 01067579926 | J3: =COUNTIFS(Active!C:C,A3) -> 1
A4: رحاب حمدي | B4: =VLOOKUP(A4,Tutors!A:B,2,0) -> 838198456425 | C4: Lower Primary | D4: Discover | E4: Active | F4: =VLOOKUP(A4,Tutors!C:D,2,0) -> 2171 | G4: =VLOOKUP(A4,Tutors!C:E,3,0) -> EG01-EG02-EG03 | H4: =VLOOKUP(A4,Tutors!A:F,6,0) -> rehab533@gmail.com | I4: =VLOOKUP(A4,Tutors!C:G,5,0) -> 01019577994 | J4: =COUNTIFS(Active!C:C,A4) -> 1
A5: نرمين جلال | B5: =VLOOKUP(A5,Tutors!A:B,2,0) -> 209148542918 | C5: Lower Primary | D5: Discover | E5: Active | F5: =VLOOKUP(A5,Tutors!C:D,2,0) -> 2191 | G5: =VLOOKUP(A5,Tutors!C:E,3,0) -> EG01-EG02-EG03-EG04-EG05 | H5: =VLOOKUP(A5,Tutors!A:F,6,0) -> norenosman11@yahoo.com | I5: =VLOOKUP(A5,Tutors!C:G,5,0) -> 01285292060 | J5: =COUNTIFS(Active!C:C,A5) -> 1
A6: ندى عبد النبي | B6: =VLOOKUP(A6,Tutors!A:B,2,0) -> 105150134960 | C6: Lower Primary | D6: Discover | E6: Active | F6: =VLOOKUP(A6,Tutors!C:D,2,0) -> 2212 | G6: =VLOOKUP(A6,Tutors!C:E,3,0) -> EG01-EG02-EG03 | H6: =VLOOKUP(A6,Tutors!A:F,6,0) -> nadalisaid46@gmail.com | I6: =VLOOKUP(A6,Tutors!C:G,5,0) -> 01273190435 | J6: =COUNTIFS(Active!C:C,A6) -> 1
A7: مروة مجدي | B7: =VLOOKUP(A7,Tutors!A:B,2,0) -> 189108478931 | C7: Lower Primary | D7: Discover | E7: Active | F7: =VLOOKUP(A7,Tutors!C:D,2,0) -> 2443 | G7: =VLOOKUP(A7,Tutors!C:E,3,0) -> EG01-EG02-EG03 | H7: =VLOOKUP(A7,Tutors!A:F,6,0) -> jodyy2007@gmail.com | I7: =VLOOKUP(A7,Tutors!C:G,5,0) -> 01091927577 | J7: =COUNTIFS(Active!C:C,A7) -> 1
A8: يارا سلطان | B8: =VLOOKUP(A8,Tutors!A:B,2,0) -> 919170561064 | C8: Lower Primary | D8: Discover | E8: Active | F8: =VLOOKUP(A8,Tutors!C:D,2,0) -> 2561 | G8: =VLOOKUP(A8,Tutors!C:E,3,0) -> EG01-EG02-EG03 | H8: =VLOOKUP(A8,Tutors!A:F,6,0) -> ywael044@gmail.com | I8: =VLOOKUP(A8,Tutors!C:G,5,0) -> 01271833101 | J8: =COUNTIFS(Active!C:C,A8) -> 1
A9: أسماء الحسيني | B9: =VLOOKUP(A9,Tutors!A:B,2,0) -> 623157516497 | C9: Lower Primary | D9: Discover | E9: Active | F9: =VLOOKUP(A9,Tutors!C:D,2,0) -> 2580 | G9: =VLOOKUP(A9,Tutors!C:E,3,0) -> EG01-EG02-EG03 | H9: =VLOOKUP(A9,Tutors!A:F,6,0) -> elhosseinyasmaa@gmail.com | I9: =VLOOKUP(A9,Tutors!C:G,5,0) -> 01006995563 | J9: =COUNTIFS(Active!C:C,A9) -> 1
A10: دعاء مصطفى | B10: =VLOOKUP(A10,Tutors!A:B,2,0) -> 634163474745 | C10: Lower Primary | D10: Discover | E10: Active | F10: =VLOOKUP(A10,Tutors!C:D,2,0) -> 2722 | G10: =VLOOKUP(A10,Tutors!C:E,3,0) -> EG01-EG02-EG03-EG04-EG05-EG06 | H10: =VLOOKUP(A10,Tutors!A:F,6,0) -> doaamostafaalis@gmail.com | I10: =VLOOKUP(A10,Tutors!C:G,5,0) -> 01012291825 | J10: =COUNTIFS(Active!C:C,A10) -> 1
A11: مونيكا إدوارد | B11: =VLOOKUP(A11,Tutors!A:B,2,0) -> 194190610534 | C11: Lower Primary | D11: Discover | E11: Backup | F11: =VLOOKUP(A11,Tutors!C:D,2,0) -> 2757 | G11: =VLOOKUP(A11,Tutors!C:E,3,0) -> EG01-EG02-EG03-EG04 | H11: =VLOOKUP(A11,Tutors!A:F,6,0) -> moneyedward37@gmail.com | I11: =VLOOKUP(A11,Tutors!C:G,5,0) -> 01277626560 | J11: =COUNTIFS(Active!C:C,A11) -> 0
A12: دنيا فاروق | B12: =VLOOKUP(A12,Tutors!A:B,2,0) -> 148126371346 | C12: Lower Primary | D12: Discover | E12: Backup | F12: =VLOOKUP(A12,Tutors!C:D,2,0) -> 2745 | G12: =VLOOKUP(A12,Tutors!C:E,3,0) -> EG01-EG02-EG03 | H12: =VLOOKUP(A12,Tutors!A:F,6,0) -> doniafarouk2811@gmail.com | I12: =VLOOKUP(A12,Tutors!C:G,5,0) -> 01201302647 | J12: =COUNTIFS(Active!C:C,A12) -> 0
A13: إيريني عاطف | B13: =VLOOKUP(A13,Tutors!A:B,2,0) -> 530189784630 | C13: Lower Primary | D13: English | E13: Active | F13: =VLOOKUP(A13,Tutors!C:D,2,0) -> 2003 | G13: =VLOOKUP(A13,Tutors!C:E,3,0) -> EG01-EG02-EG03-EG04-EG05 | H13: =VLOOKUP(A13,Tutors!A:F,6,0) -> erineyatef@gmail.com | I13: =VLOOKUP(A13,Tutors!C:G,5,0) -> 01211816220 | J13: =COUNTIFS(Active!C:C,A13) -> 1
A14: هبة عبد الحميد | B14: =VLOOKUP(A14,Tutors!A:B,2,0) -> 603187625747 | C14: Lower Primary | D14: English | E14: Active | F14: =VLOOKUP(A14,Tutors!C:D,2,0) -> 2103 | G14: =VLOOKUP(A14,Tutors!C:E,3,0) | H14: =VLOOKUP(A14,Tutors!A:F,6,0) -> heba.abdelhameed99@gmail.com | I14: =VLOOKUP(A14,Tutors!C:G,5,0) -> 01126571109 | J14: =COUNTIFS(Active!C:C,A14) -> 1
A15: مها عبد الله | B15: =VLOOKUP(A15,Tutors!A:B,2,0) -> 865121843486 | C15: Lower Primary | D15: English | E15: Active | F15: 2244 | G15: =VLOOKUP(A15,Tutors!C:E,3,0) | H15: =VLOOKUP(A15,Tutors!A:F,6,0) -> mahahimony@gmail.com | I15: =VLOOKUP(A15,Tutors!C:G,5,0) -> 01156615561 | J15: =COUNTIFS(Active!C:C,A15) -> 1
A16: ميرا هشام | B16: =VLOOKUP(A16,Tutors!A:B,2,0) -> 758108752769 | C16: Lower Primary | D16: English | E16: Active | F16: =VLOOKUP(A16,Tutors!C:D,2,0) -> 2337 | G16: =VLOOKUP(A16,Tutors!C:E,3,0) | H16: =VLOOKUP(A16,Tutors!A:F,6,0) -> merahesham2000@gmail.com | I16: =VLOOKUP(A16,Tutors!C:G,5,0) -> 01027391210 | J16: =COUNTIFS(Active!C:C,A16) -> 1
A17: نوران أسامة | B17: =VLOOKUP(A17,Tutors!A:B,2,0) -> 426167021594 | C17: Lower Primary | D17: English | E17: Active | F17: =VLOOKUP(A17,Tutors!C:D,2,0) -> 2519 | G17: =VLOOKUP(A17,Tutors!C:E,3,0) -> EG01-EG02-EG03-EG04 | H17: =VLOOKUP(A17,Tutors!A:F,6,0) -> nouranyl64@gmail.com | I17: =VLOOKUP(A17,Tutors!C:G,5,0) -> 01010594459 | J17: =COUNTIFS(Active!C:C,A17) -> 1
A18: إسراء علاء | B18: =VLOOKUP(A18,Tutors!A:B,2,0) -> 915139613231 | C18: Lower Primary | D18: English | E18: Backup | F18: =VLOOKUP(A18,Tutors!C:D,2,0) -> 2422 | G18: =VLOOKUP(A18,Tutors!C:E,3,0) -> EG01-EG02-EG03-EG04-EG05-EG06-EG07 | H18: =VLOOKUP(A18,Tutors!A:F,6,0) -> esraalaa25@gmail.com | I18: =VLOOKUP(A18,Tutors!C:G,5,0) -> 01091311114 | J18: =COUNTIFS(Active!C:C,A18) -> 0
A19: سارة جرجس | B19: =VLOOKUP(A19,Tutors!A:B,2,0) -> 598135839671 | C19: Lower Primary | D19: English | E19: Active | F19: =VLOOKUP(A19,Tutors!C:D,2,0) -> 2493 | G19: =VLOOKUP(A19,Tutors!C:E,3,0) -> EG01-EG02-EG03-EG04-EG05 | H19: =VLOOKUP(A19,Tutors!A:F,6,0) -> aueed.eteachers@gmail.com | I19: =VLOOKUP(A19,Tutors!C:G,5,0) -> 01270819064 | J19: =COUNTIFS(Active!C:C,A19) -> 1
A20: ندى شريف | B20: =VLOOKUP(A20,Tutors!A:B,2,0) -> 695139708380 | C20: Lower Primary | D20: English | E20: Active | F20: =VLOOKUP(A20,Tutors!C:D,2,0) -> 2614 | G20: =VLOOKUP(A20,Tutors!C:E,3,0) -> EG01-EG02-EG03-EG04-EG05 | H20: =VLOOKUP(A20,Tutors!A:F,6,0) -> nadasherif1007@gmail.com | I20: =VLOOKUP(A20,Tutors!C:G,5,0) | J20: =COUNTIFS(Active!C:C,A20) -> 1
A21: أسماء حمزة | B21: =VLOOKUP(A21,Tutors!A:B,2,0) -> 967160462696 | C21: Lower Primary | D21: English | E21: Active | F21: =VLOOKUP(A21,Tutors!C:D,2,0) -> 2643 | G21: =VLOOKUP(A21,Tutors!C:E,3,0) -> EG01-EG02 | H21: =VLOOKUP(A21,Tutors!A:F,6,0) -> somahamza27@gmail.com | I21: =VLOOKUP(A21,Tutors!C:G,5,0) | J21: =COUNTIFS(Active!C:C,A21) -> 1
A22: شاهندة عبد العزيز | B22: =VLOOKUP(A22,Tutors!A:B,2,0) -> 135178965350 | C22: Lower Primary | D22: English | E22: Inactive | F22: =VLOOKUP(A22,Tutors!C:D,2,0) -> 2642 | G22: =VLOOKUP(A22,Tutors!C:E,3,0) -> EG01-EG02 | H22: =VLOOKUP(A22,Tutors!A:F,6,0) -> shahendaabdulaziz98@gmail.com | I22: =VLOOKUP(A22,Tutors!C:G,5,0) -> 01004298923 | J22: =COUNTIFS(Active!C:C,A22) -> 0
A23: جيهان سمير | B23: =VLOOKUP(A23,Tutors!A:B,2,0) -> 930131871381 | C23: Lower Primary | D23: English | E23: Active | F23: =VLOOKUP(A23,Tutors!C:D,2,0) -> 2715 | G23: =VLOOKUP(A23,Tutors!C:E,3,0) -> EG01-EG02-EG03-EG04-5 | H23: =VLOOKUP(A23,Tutors!A:F,6,0) -> mrsgehan94@gmail.com | I23: =VLOOKUP(A23,Tutors!C:G,5,0) -> 1013586544 | J23: =COUNTIFS(Active!C:C,A23) -> 1
A24: ريهام هريدي | B24: =VLOOKUP(A24,Tutors!A:B,2,0) -> 208148393089 | C24: Lower Primary | D24: English | E24: Active | F24: =VLOOKUP(A24,Tutors!C:D,2,0) -> 2695 | G24: =VLOOKUP(A24,Tutors!C:E,3,0) -> EG01-EG02 | H24: =VLOOKUP(A24,Tutors!A:F,6,0) -> reham.haridy17@gmail.com | I24: =VLOOKUP(A24,Tutors!C:G,5,0) -> 01126620688 | J24: =COUNTIFS(Active!C:C,A24) -> 1
A25: ندى علي | B25: =VLOOKUP(A25,Tutors!A:B,2,0) -> 406159296081 | C25: Lower Primary | D25: English | E25: Active | F25: =VLOOKUP(A25,Tutors!C:D,2,0) -> 2730 | G25: =VLOOKUP(A25,Tutors!C:E,3,0) -> EG01-EG02-EG03-EG04 | H25: =VLOOKUP(A25,Tutors!A:F,6,0) -> nadaaly58@gmail.com | I25: =VLOOKUP(A25,Tutors!C:G,5,0) -> 01275735695 | J25: =COUNTIFS(Active!C:C,A25) -> 1
A26: مارينا عماد | B26: =VLOOKUP(A26,Tutors!A:B,2,0) -> 586170564150 | C26: Lower Primary | D26: English | E26: Active | F26: =VLOOKUP(A26,Tutors!C:D,2,0) -> 2629 | G26: =VLOOKUP(A26,Tutors!C:E,3,0) -> EG01-EG02-EG03-EG04 | H26: =VLOOKUP(A26,Tutors!A:F,6,0) -> marinaemad4922@gmail.com | I26: =VLOOKUP(A26,Tutors!C:G,5,0) -> 01210882072 | J26: =COUNTIFS(Active!C:C,A26) -> 1
A27: ماريام أشرف | B27: =VLOOKUP(A27,Tutors!A:B,2,0) -> 450190591429 | C27: Lower Primary | D27: English | E27: Active | F27: =VLOOKUP(A27,Tutors!C:D,2,0) -> 2781 | G27: =VLOOKUP(A27,Tutors!C:E,3,0) -> EG01-EG02-EG03-EG04 | H27: =VLOOKUP(A27,Tutors!A:F,6,0) -> ashrfmaryam557@gmail.com | I27: =VLOOKUP(A27,Tutors!C:G,5,0) | J27: =COUNTIFS(Active!C:C,A27) -> 1
... A55: دعاء زكريا | B55: =VLOOKUP(A55,Tutors!A:B,2,0) -> 689140818514 | C55: Lower Primary | D55: اللغة العربية | E55: Active | F55: =VLOOKUP(A55,Tutors!C:D,2,0) -> 2278 | G55: =VLOOKUP(A55,Tutors!C:E,3,0) -> EG01-EG02-EG03-EG04-EG05-EG06 | H55: =VLOOKUP(A55,Tutors!A:F,6,0) -> douaazika@gmail.com | I55: =VLOOKUP(A55,Tutors!C:G,5,0) | J55: =COUNTIFS(Active!C:C,A55) -> 1
A56: ياسمين محمد | B56: =VLOOKUP(A56,Tutors!A:B,2,0) -> 948108182631 | C56: Lower Primary | D56: اللغة العربية | E56: Active | F56: =VLOOKUP(A56,Tutors!C:D,2,0) -> 2321 | G56: EG01-EG02-EG03 | H56: =VLOOKUP(A56,Tutors!A:F,6,0) -> myasmine116@gmail.com | I56: =VLOOKUP(A56,Tutors!C:G,5,0) -> 01015633019 | J56: =COUNTIFS(Active!C:C,A56) -> 0
A57: إنجي مختار | B57: =VLOOKUP(A57,Tutors!A:B,2,0) -> 215195154738 | C57: Lower Primary | D57: اللغة العربية | E57: Active | F57: =VLOOKUP(A57,Tutors!C:D,2,0) -> 2441 | G57: =VLOOKUP(A57,Tutors!C:E,3,0) -> EG01-EG02-EG03 | H57: =VLOOKUP(A57,Tutors!A:F,6,0) -> enjymokhtar.219@gmail.com | I57: =VLOOKUP(A57,Tutors!C:G,5,0) -> 01201521125 | J57: =COUNTIFS(Active!C:C,A57) -> 1
A58: شيماء كمال | B58: =VLOOKUP(A58,Tutors!A:B,2,0) -> 257176871480 | C58: Lower Primary | D58: اللغة العربية | E58: Active | F58: =VLOOKUP(A58,Tutors!C:D,2,0) -> 2461 | G58: =VLOOKUP(A58,Tutors!C:E,3,0) -> EG01-EG02-EG03 | H58: =VLOOKUP(A58,Tutors!A:F,6,0) -> shimaakamal553@gmail.com | I58: =VLOOKUP(A58,Tutors!C:G,5,0) -> 01157711782 | J58: =COUNTIFS(Active!C:C,A58) -> 1
A59: أسماء قاسم | B59: =VLOOKUP(A59,Tutors!A:B,2,0) -> 183129070275 | C59: Lower Primary | D59: اللغة العربية | E59: Active | F59: =VLOOKUP(A59,Tutors!C:D,2,0) -> 2458 | G59: =VLOOKUP(A59,Tutors!C:E,3,0) -> EG01-EG02-EG03 | H59: =VLOOKUP(A59,Tutors!A:F,6,0) -> asmaakasem25@hotmail.com | I59: =VLOOKUP(A59,Tutors!C:G,5,0) -> 01100109067 | J59: =COUNTIFS(Active!C:C,A59) -> 1
A60: شيماء حسين فهمي | B60: =VLOOKUP(A60,Tutors!A:B,2,0) -> 573149872824 | C60: Lower Primary | D60: اللغة العربية | E60: Active | F60: =VLOOKUP(A60,Tutors!C:D,2,0) -> 2491 | G60: =VLOOKUP(A60,Tutors!C:E,3,0) -> EG01-EG02-EG03 | H60: =VLOOKUP(A60,Tutors!A:F,6,0) -> shimaahussain2@gmail.com | I60: =VLOOKUP(A60,Tutors!C:G,5,0) -> 01016634509 | J60: =COUNTIFS(Active!C:C,A60) -> 1
A61: منال إبراهيم | B61: =VLOOKUP(A61,Tutors!A:B,2,0) -> 974169434219 | C61: Lower Primary | D61: اللغة العربية | E61: Active | F61: =VLOOKUP(A61,Tutors!C:D,2,0) -> 2448 | G61: =VLOOKUP(A61,Tutors!C:E,3,0) -> EG01-EG02-EG03 | H61: =VLOOKUP(A61,Tutors!A:F,6,0) -> manalabdelnaby10@gmail.com | I61: =VLOOKUP(A61,Tutors!C:G,5,0) | J61: =COUNTIFS(Active!C:C,A61) -> 1
A62: شيماء سليمان | B62: =VLOOKUP(A62,Tutors!A:B,2,0) -> 574161321575 | C62: Lower Primary | D62: اللغة العربية | E62: Active | F62: =VLOOKUP(A62,Tutors!C:D,2,0) -> 2581 | G62: =VLOOKUP(A62,Tutors!C:E,3,0) -> EG01-EG02-EG03 | H62: =VLOOKUP(A62,Tutors!A:F,6,0) -> shimosoliman4016@gmail.com | I62: =VLOOKUP(A62,Tutors!C:G,5,0) | J62: =COUNTIFS(Active!C:C,A62) -> 1
A63: أماني سعد | B63: =VLOOKUP(A63,Tutors!A:B,2,0) -> 879135754897 | C63: Lower Primary | D63: اللغة العربية | E63: Active | F63: =VLOOKUP(A63,Tutors!C:D,2,0) -> 2619 | G63: =VLOOKUP(A63,Tutors!C:E,3,0) -> EG01-EG02-EG03 | H63: =VLOOKUP(A63,Tutors!A:F,6,0) -> amanianas217@gmail.com | I63: =VLOOKUP(A63,Tutors!C:G,5,0) -> 01001014795 | J63: =COUNTIFS(Active!C:C,A63) -> 1
A64: آلاء أشرف | B64: =VLOOKUP(A64,Tutors!A:B,2,0) -> 865163793520 | C64: Lower Primary | D64: اللغة العربية | E64: Active | F64: =VLOOKUP(A64,Tutors!C:D,2,0) -> 2703 | G64: =VLOOKUP(A64,Tutors!C:E,3,0) -> EG01-EG02-EG03-EG04 | H64: =VLOOKUP(A64,Tutors!A:F,6,0) -> alaa.work91@gmail.com | I64: =VLOOKUP(A64,Tutors!C:G,5,0) -> 1006108593 | J64: =COUNTIFS(Active!C:C,A64) -> 1
A65: سارة سعيد | B65: =VLOOKUP(A65,Tutors!A:B,2,0) -> 923168406232 | C65: Lower Primary | D65: اللغة العربية | E65: Active | F65: =VLOOKUP(A65,Tutors!C:D,2,0) -> 2735 | G65: =VLOOKUP(A65,Tutors!C:E,3,0) -> EG01-EG02-EG03-EG04-EG05-EG06 | H65: =VLOOKUP(A65,Tutors!A:F,6,0) -> sosajojo29@gmail.com | I65: =VLOOKUP(A65,Tutors!C:G,5,0) -> 01211339318 | J65: =COUNTIFS(Active!C:C,A65) -> 1
A66: زينب سمير | B66: =VLOOKUP(A66,Tutors!A:B,2,0) -> 762178172726 | C66: Lower Primary | D66: اللغة العربية | E66: Active | F66: =VLOOKUP(A66,Tutors!C:D,2,0) -> 2720 | G66: =VLOOKUP(A66,Tutors!C:E,3,0) -> EG01-EG02-EG03-EG04-EG05-EG06 | H66: =VLOOKUP(A66,Tutors!A:F,6,0) -> zeinabsamirsamir@gmail.com | I66: =VLOOKUP(A66,Tutors!C:G,5,0) | J66: =COUNTIFS(Active!C:C,A66) -> 0
A67: أميرة غيث | B67: =VLOOKUP(A67,Tutors!A:B,2,0) -> 962134062378 | C67: Higher Primary | D67: English | E67: Active | F67: =VLOOKUP(A67,Tutors!C:D,2,0) -> 1963 | G67: =VLOOKUP(A67,Tutors!C:E,3,0) | H67: =VLOOKUP(A67,Tutors!A:F,6,0) -> amiraghth@gmail.com | I67: =VLOOKUP(A67,Tutors!C:G,5,0) -> 01119682313 | J67: =COUNTIFS(Active!C:C,A67) -> 1
A68: طه محمد | B68: =VLOOKUP(A68,Tutors!A:B,2,0) -> 403165323978 | C68: Higher Primary | D68: English | E68: Active | F68: =VLOOKUP(A68,Tutors!C:D,2,0) -> 1990 | G68: =VLOOKUP(A68,Tutors!C:E,3,0) | H68: =VLOOKUP(A68,Tutors!A:F,6,0) -> tahaeldaowdy@gmail.com | I68: =VLOOKUP(A68,Tutors!C:G,5,0) -> +201119688644 | J68: =COUNTIFS(Active!C:C,A68) -> 1
... A105: وليد علي | B105: =VLOOKUP(A105,Tutors!A:B,2,0) -> 350132398282 | C105: Higher Primary | D105: English | E105: Active | F105: =VLOOKUP(A105,Tutors!C:D,2,0) -> 2778 | G105: =VLOOKUP(A105,Tutors!C:E,3,0) -> EG04-EG05-EG06-EG07-EG08-EG09 | H105: =VLOOKUP(A105,Tutors!A:F,6,0) -> mr.walidali79@gmail.com | I105: =VLOOKUP(A105,Tutors!C:G,5,0) | J105: =COUNTIFS(Active!C:C,A105) -> 1
A106: حاتم حسن | B106: =VLOOKUP(A106,Tutors!A:B,2,0) -> 809176040437 | C106: Higher Primary | D106: ICT | E106: Backup | F106: =VLOOKUP(A106,Tutors!C:D,2,0) -> 2288 | G106: EG04,EG05,EG06 | H106: =VLOOKUP(A106,Tutors!A:F,6,0) -> hatem2235h@gmail.com | I106: =VLOOKUP(A106,Tutors!C:G,5,0) -> 01030944131 | J106: =COUNTIFS(Active!C:C,A106) -> 0
A107: رحمة صلاح | B107: =VLOOKUP(A107,Tutors!A:B,2,0) -> 930159109291 | C107: Higher Primary | D107: ICT | E107: Active | F107: =VLOOKUP(A107,Tutors!C:D,2,0) -> 2270 | G107: EG04,EG05,EG06 | H107: =VLOOKUP(A107,Tutors!A:F,6,0) -> rahmahamoda59@gmail.com | I107: =VLOOKUP(A107,Tutors!C:G,5,0) -> 01011416685 | J107: =COUNTIFS(Active!C:C,A107) -> 1
A108: عمرو خالد | B108: =VLOOKUP(A108,Tutors!A:B,2,0) -> 782180626727 | C108: Higher Primary | D108: ICT | E108: Active | F108: =VLOOKUP(A108,Tutors!C:D,2,0) -> 2404 | G108: =VLOOKUP(A108,Tutors!C:E,3,0) -> EG04-EG05-EG06 | H108: =VLOOKUP(A108,Tutors!A:F,6,0) -> amr731844@gmail.com | I108: =VLOOKUP(A108,Tutors!C:G,5,0) -> 01094839978 | J108: =COUNTIFS(Active!C:C,A108) -> 1
A109: إسلام همام | B109: =VLOOKUP(A109,Tutors!A:B,2,0) -> 742181710304 | C109: Higher Primary | D109: ICT | E109: Active | F109: =VLOOKUP(A109,Tutors!C:D,2,0) -> 2403 | G109: =VLOOKUP(A109,Tutors!C:E,3,0) -> EG04-EG05-EG06 | H109: =VLOOKUP(A109,Tutors!A:F,6,0) -> pro.islamhmam@gmail.com | I109: =VLOOKUP(A109,Tutors!C:G,5,0) -> 01550512026 | J109: =COUNTIFS(Active!C:C,A109) -> 0
A110: أحمد جودة | B110: =VLOOKUP(A110,Tutors!A:B,2,0) -> 643134674754 | C110: Higher Primary | D110: ICT | E110: Active | F110: =VLOOKUP(A110,Tutors!C:D,2,0) -> 2475 | G110: =VLOOKUP(A110,Tutors!C:E,3,0) -> EG04-EG05-EG06 | H110: =VLOOKUP(A110,Tutors!A:F,6,0) -> ahmedgoda712@gmail.com | I110: =VLOOKUP(A110,Tutors!C:G,5,0) -> 01212265381 | J110: =COUNTIFS(Active!C:C,A110) -> 1
A111: آية حمدي | B111: =VLOOKUP(A111,Tutors!A:B,2,0) -> 514130261047 | C111: Higher Primary | D111: ICT | E111: Backup | F111: =VLOOKUP(A111,Tutors!C:D,2,0) -> 2509 | G111: =VLOOKUP(A111,Tutors!C:E,3,0) -> EG04-EG05-EG06 | H111: =VLOOKUP(A111,Tutors!A:F,6,0) -> aya.emara96@gmail.com | I111: =VLOOKUP(A111,Tutors!C:G,5,0) -> 1097953066 | J111: =COUNTIFS(Active!C:C,A111) -> 0
A112: كيرلس بطرس | B112: =VLOOKUP(A112,Tutors!A:B,2,0) -> 894178098602 | C112: Higher Primary | D112: ICT | E112: Active | F112: =VLOOKUP(A112,Tutors!C:D,2,0) -> 2529 | G112: =VLOOKUP(A112,Tutors!C:E,3,0) -> EG04-EG05-EG06 | H112: =VLOOKUP(A112,Tutors!A:F,6,0) -> kirolosbotrosrizk@gmail.com | I112: =VLOOKUP(A112,Tutors!C:G,5,0) -> 01212650406 | J112: =COUNTIFS(Active!C:C,A112) -> 1
A113: مي الهمشري | B113: =VLOOKUP(A113,Tutors!A:B,2,0) -> 703149308423 | C113: Higher Primary | D113: ICT | E113: Active | F113: =VLOOKUP(A113,Tutors!C:D,2,0) -> 2535 | G113: =VLOOKUP(A113,Tutors!C:E,3,0) -> EG04-EG05-EG06 | H113: =VLOOKUP(A113,Tutors!A:F,6,0) -> may.elhamshary18@gmail.com | I113: =VLOOKUP(A113,Tutors!C:G,5,0) -> 01098180108 | J113: =COUNTIFS(Active!C:C,A113) -> 1
A114: علي حامد | B114: =VLOOKUP(A114,Tutors!A:B,2,0) -> 157194097243 | C114: Higher Primary | D114: ICT | E114: Active | F114: =VLOOKUP(A114,Tutors!C:D,2,0) -> 2556 | G114: =VLOOKUP(A114,Tutors!C:E,3,0) -> EG04-EG05-EG06 | H114: =VLOOKUP(A114,Tutors!A:F,6,0) -> hamdly634@gmail.com | I114: =VLOOKUP(A114,Tutors!C:G,5,0) -> 01157080971 | J114: =COUNTIFS(Active!C:C,A114) -> 1
A115: محمد رأفت | B115: =VLOOKUP(A115,Tutors!A:B,2,0) -> 815141510923 | C115: Higher Primary | D115: ICT | E115: Active | F115: =VLOOKUP(A115,Tutors!C:D,2,0) -> 2558 | G115: =VLOOKUP(A115,Tutors!C:E,3,0) -> EG04-EG05-EG06 | H115: =VLOOKUP(A115,Tutors!A:F,6,0) -> m.h.raffat@gmail.com | I115: =VLOOKUP(A115,Tutors!C:G,5,0) | J115: =COUNTIFS(Active!C:C,A115) -> 1
A116: أحمد نسيم | B116: =VLOOKUP(A116,Tutors!A:B,2,0) -> 916186078296 | C116: Higher Primary | D116: ICT | E116: Backup | F116: =VLOOKUP(A116,Tutors!C:D,2,0) -> 2709 | G116: =VLOOKUP(A116,Tutors!C:E,3,0) -> EG04-EG05-EG06 | H116: =VLOOKUP(A116,Tutors!A:F,6,0) -> nesahmed2@gmail.com | I116: =VLOOKUP(A116,Tutors!C:G,5,0) -> 01068231011 | J116: =COUNTIFS(Active!C:C,A116) -> 0
A117: إيمان خليل | B117: =VLOOKUP(A117,Tutors!A:B,2,0) -> 762193489569 | C117: Higher Primary | D117: ICT | E117: Backup | F117: =VLOOKUP(A117,Tutors!C:D,2,0) -> 2740 | G117: =VLOOKUP(A117,Tutors!C:E,3,0) -> EG04-EG05-EG06 | H117: =VLOOKUP(A117,Tutors!A:F,6,0) -> emankhalil9688896@gmail.com | I117: =VLOOKUP(A117,Tutors!C:G,5,0) -> 01211232390 | J117: =COUNTIFS(Active!C:C,A117) -> 0
A118: سالي سيد | B118: =VLOOKUP(A118,Tutors!A:B,2,0) -> 953162327564 | C118: Higher Primary | D118: ICT | E118: Active | F118: =VLOOKUP(A118,Tutors!C:D,2,0) -> 2741 | G118: =VLOOKUP(A118,Tutors!C:E,3,0) -> EG04-EG05-EG06 | H118: =VLOOKUP(A118,Tutors!A:F,6,0) -> sally.sayed@yahoo.com | I118: =VLOOKUP(A118,Tutors!C:G,5,0) -> 01226537936 | J118: =COUNTIFS(Active!C:C,A118) -> 1
A119: رانيا فهمي | B119: =VLOOKUP(A119,Tutors!A:B,2,0) -> 720159631723 | C119: Higher Primary | D119: ICT | E119: Backup | F119: =VLOOKUP(A119,Tutors!C:D,2,0) -> 2780 | G119: =VLOOKUP(A119,Tutors!C:E,3,0) -> EG04-EG05-EG06 | H119: =VLOOKUP(A119,Tutors!A:F,6,0) -> rania.fahmy222@gmail.com | I119: =VLOOKUP(A119,Tutors!C:G,5,0) -> 01101560506 | J119: =COUNTIFS(Active!C:C,A119) -> 0
... A554: محمد سالم | B554: =VLOOKUP(A554,Tutors!A:B,2,0) -> 709139503259 | C554: Secondary | D554: الفيزياء | E554: Backup | F554: =VLOOKUP(A554,Tutors!C:D,2,0) -> 2096 | G554: =VLOOKUP(A554,Tutors!C:E,3,0) -> EG10-EG11-G12 | H554: =VLOOKUP(A554,Tutors!A:F,6,0) -> korashy.1411@gmail.com | I554: =VLOOKUP(A554,Tutors!C:G,5,0) -> 01126633295 | J554: =COUNTIFS(Active!C:C,A554) -> 0
A555: محمد عماد عبد النبي الشحات | B555: =VLOOKUP(A555,Tutors!A:B,2,0) -> #N/A | C555: Secondary | D555: علم النفس والاجتماع | E555: Resigned | F555: =VLOOKUP(A555,Tutors!C:D,2,0) -> #N/A | G555: EG10-EG11-G12 | H555: =VLOOKUP(A555,Tutors!A:F,6,0) -> #N/A | I555: =VLOOKUP(A555,Tutors!C:G,5,0) -> #N/A | J555: =COUNTIFS(Active!C:C,A555) -> 0
A556: دسوقي إبراهيم | B556: =VLOOKUP(A556,Tutors!A:B,2,0) -> 893140536419 | C556: Secondary | D556: علم النفس والاجتماع | E556: Backup | F556: =VLOOKUP(A556,Tutors!C:D,2,0) -> 2199 | G556: =VLOOKUP(A556,Tutors!C:E,3,0) -> EG10-EG11-G12 | H556: =VLOOKUP(A556,Tutors!A:F,6,0) -> ebrahim2721976@gmail.com | I556: =VLOOKUP(A556,Tutors!C:G,5,0) | J556: =COUNTIFS(Active!C:C,A556) -> 0
A557: رشا نصير | B557: =VLOOKUP(A557,Tutors!A:B,2,0) -> 942138286345 | C557: Secondary | D557: الكيمياء | E557: Inactive | F557: =VLOOKUP(A557,Tutors!C:D,2,0) -> 1975 | G557: =VLOOKUP(A557,Tutors!C:E,3,0) -> EG10-EG11-G12 | H557: =VLOOKUP(A557,Tutors!A:F,6,0) -> rnosier.72@gmail.com | I557: =VLOOKUP(A557,Tutors!C:G,5,0) -> 01004540715 | J557: =COUNTIFS(Active!C:C,A557) -> 0
A558: مازن جاد | B558: =VLOOKUP(A558,Tutors!A:B,2,0) -> 452123973904 | C558: Secondary | D558: Chemistry | E558: Inactive | F558: =VLOOKUP(A558,Tutors!C:D,2,0) -> 1330 | G558: =VLOOKUP(A558,Tutors!C:E,3,0) | H558: =VLOOKUP(A558,Tutors!A:F,6,0) -> s-mazenhafez@zewailcity.edu.eg | I558: =VLOOKUP(A558,Tutors!C:G,5,0) | J558: =COUNTIFS(Active!C:C,A558) -> 0
A559: زكي سعيد | B559: =VLOOKUP(A559,Tutors!A:B,2,0) -> 424154524098 | C559: Secondary | D559: English | E559: Inactive | F559: =VLOOKUP(A559,Tutors!C:D,2,0) -> 2135 | G559: =VLOOKUP(A559,Tutors!C:E,3,0) | H559: =VLOOKUP(A559,Tutors!A:F,6,0) -> zakisaeedfrs@gmail.com | I559: =VLOOKUP(A559,Tutors!C:G,5,0) -> 01202812574 | J559: =COUNTIFS(Active!C:C,A559) -> 0
A560: أحمد يحيى | B560: =VLOOKUP(A560,Tutors!A:B,2,0) -> 636182508414 | C560: Preparatory | D560: الرياضيات | E560: Resigned | F560: =VLOOKUP(A560,Tutors!C:D,2,0) -> 1846 | G560: =VLOOKUP(A560,Tutors!C:E,3,0) | H560: =VLOOKUP(A560,Tutors!A:F,6,0) | I560: =VLOOKUP(A560,Tutors!C:G,5,0) | J560: =COUNTIFS(Active!C:C,A560) -> 0
A561: أماني نيكولا | B561: =VLOOKUP(A561,Tutors!A:B,2,0) -> 626126867906 | C561: Preparatory | D561: English | E561: Inactive | F561: =VLOOKUP(A561,Tutors!C:D,2,0) -> 1993 | G561: =VLOOKUP(A561,Tutors!C:E,3,0) | H561: =VLOOKUP(A561,Tutors!A:F,6,0) -> amany.nicola6@gmail.com | I561: =VLOOKUP(A561,Tutors!C:G,5,0) -> 01222711176 | J561: =COUNTIFS(Active!C:C,A561) -> 0
A562: فادي جبرائيل | B562: =VLOOKUP(A562,Tutors!A:B,2,0) -> 675168783816 | C562: Secondary | D562: Chemistry | E562: Inactive | F562: =VLOOKUP(A562,Tutors!C:D,2,0) -> 1909 | G562: =VLOOKUP(A562,Tutors!C:E,3,0) -> EG10-EG11-G12 | H562: =VLOOKUP(A562,Tutors!A:F,6,0) -> fady.gobrail@gmail.com | I562: =VLOOKUP(A562,Tutors!C:G,5,0) -> 035400651 | J562: =COUNTIFS(Active!C:C,A562) -> 0
A563: رضا جبريل | B563: =VLOOKUP(A563,Tutors!A:B,2,0) -> 198159430149 | C563: Secondary | D563: اللغة العربية | E563: Inactive | F563: =VLOOKUP(A563,Tutors!C:D,2,0) -> 1083 | G563: =VLOOKUP(A563,Tutors!C:E,3,0) -> EG10-EG11-EG12 | H563: =VLOOKUP(A563,Tutors!A:F,6,0) | I563: =VLOOKUP(A563,Tutors!C:G,5,0) | J563: =COUNTIFS(Active!C:C,A563) -> 0
A564: مروة مصطفى | B564: =VLOOKUP(A564,Tutors!A:B,2,0) -> 963158235375 | C564: Secondary | D564: Español | E564: Inactive | F564: =VLOOKUP(A564,Tutors!C:D,2,0) -> 2062 | G564: =VLOOKUP(A564,Tutors!C:E,3,0) | H564: =VLOOKUP(A564,Tutors!A:F,6,0) -> marwa_mostafa_@hotmail.com | I564: =VLOOKUP(A564,Tutors!C:G,5,0) -> 01003732776 | J564: =COUNTIFS(Active!C:C,A564) -> 0
A565: رضوى صبري | B565: =VLOOKUP(A565,Tutors!A:B,2,0) -> 194141237816 | C565: Secondary | D565: Deutsch | E565: Inactive | F565: =VLOOKUP(A565,Tutors!C:D,2,0) -> 1841 | H565: =VLOOKUP(A565,Tutors!A:F,6,0) | I565: =VLOOKUP(A565,Tutors!C:G,5,0) | J565: =COUNTIFS(Active!C:C,A565) -> 0
A566: بيشوي عادل | B566: =VLOOKUP(A566,Tutors!A:B,2,0) -> 194194607634 | C566: Secondary | D566: Italiano | E566: Backup | F566: =VLOOKUP(A566,Tutors!C:D,2,0) -> 2006 | G566: =VLOOKUP(A566,Tutors!C:E,3,0) | H566: =VLOOKUP(A566,Tutors!A:F,6,0) -> bichoiadel@gmail.com | I566: =VLOOKUP(A566,Tutors!C:G,5,0) -> 01283973691 | J566: =COUNTIFS(Active!C:C,A566) -> 0
A567: ماجدة محمد | B567: =VLOOKUP(A567,Tutors!A:B,2,0) -> 973132386263 | C567: Secondary | D567: Español | E567: Backup | F567: =VLOOKUP(A567,Tutors!C:D,2,0) -> 1798 | G567: =VLOOKUP(A567,Tutors!C:E,3,0) | H567: =VLOOKUP(A567,Tutors!A:F,6,0) -> magdaharidy96@gmail.com | I567: =VLOOKUP(A567,Tutors!C:G,5,0) -> 01011902047 | J567: =COUNTIFS(Active!C:C,A567) -> 0
A568: الطيب الطاهر | B568: =VLOOKUP(A568,Tutors!A:B,2,0) -> 524103078030 | C568: Secondary | D568: Deutsch | E568: Resigned | F568: =VLOOKUP(A568,Tutors!C:D,2,0) -> 2120 | G568: =VLOOKUP(A568,Tutors!C:E,3,0) | H568: =VLOOKUP(A568,Tutors!A:F,6,0) | I568: =VLOOKUP(A568,Tutors!C:G,5,0) | J568: =COUNTIFS(Active!C:C,A568) -> 0
A569: عبد الله أحمد | B569: =VLOOKUP(A569,Tutors!A:B,2,0) -> 492152627064 | C569: Secondary | D569: Italiano | E569: Backup | F569: =VLOOKUP(A569,Tutors!C:D,2,0) -> 2134 | G569: =VLOOKUP(A569,Tutors!C:E,3,0) | H569: =VLOOKUP(A569,Tutors!A:F,6,0) -> abdo.gemy5@gmail.com | I569: =VLOOKUP(A569,Tutors!C:G,5,0) -> 01126147349 | J569: =COUNTIFS(Active!C:C,A569) -> 0
A570: إنجي يحيى | B570: =VLOOKUP(A570,Tutors!A:B,2,0) -> 872163032543 | C570: Secondary | D570: Français | E570: Backup | F570: =VLOOKUP(A570,Tutors!C:D,2,0) -> 1962 | G570: =VLOOKUP(A570,Tutors!C:E,3,0) | H570: =VLOOKUP(A570,Tutors!A:F,6,0) -> nojayehia2009@gmail.com | I570: =VLOOKUP(A570,Tutors!C:G,5,0) -> 1115125755 | J570: =COUNTIFS(Active!C:C,A570) -> 0
A571: نورا جادو | B571: =VLOOKUP(A571,Tutors!A:B,2,0) -> 794135291842 | C571: Preparatory | D571: Français | E571: Backup | F571: =VLOOKUP(A571,Tutors!C:D,2,0) -> 2137 | G571: =VLOOKUP(A571,Tutors!C:E,3,0) | H571: =VLOOKUP(A571,Tutors!A:F,6,0) -> nouragadou2022@gmail.com | I571: =VLOOKUP(A571,Tutors!C:G,5,0) | J571: =COUNTIFS(Active!C:C,A571) -> 0
A572: محمد بهاء | B572: =VLOOKUP(A572,Tutors!A:B,2,0) -> 232180108363 | C572: Secondary | D572: Mathematics | E572: Inactive | F572: =VLOOKUP(A572,Tutors!C:D,2,0) -> 1924 | G572: =VLOOKUP(A572,Tutors!C:E,3,0) | H572: =VLOOKUP(A572,Tutors!A:F,6,0) -> mohamed.b.dahab@hotmail.com | I572: =VLOOKUP(A572,Tutors!C:G,5,0) -> 01285237127 | J572: =COUNTIFS(Active!C:C,A572) -> 0
A573: هشام إبراهيم | B573: =VLOOKUP(A573,Tutors!A:B,2,0) -> 517143909782 | C573: Secondary | D573: Biology | E573: Inactive | F573: =VLOOKUP(A573,Tutors!C:D,2,0) -> 1922 | G573: =VLOOKUP(A573,Tutors!C:E,3,0) | H573: =VLOOKUP(A573,Tutors!A:F,6,0) | I573: =VLOOKUP(A573,Tutors!C:G,5,0) | J573: =COUNTIFS(Active!C:C,A573) -> 0
A574: داليا حسين | B574: =VLOOKUP(A574,Tutors!A:B,2,0) -> 287167641716 | C574: Secondary | D574: الكيمياء | E574: Inactive | F574: =VLOOKUP(A574,Tutors!C:D,2,0) -> 1865 | G574: =VLOOKUP(A574,Tutors!C:E,3,0) -> EG10-EG11-G12 | H574: =VLOOKUP(A574,Tutors!A:F,6,0) -> daliahussein999@gmail.com | I574: =VLOOKUP(A574,Tutors!C:G,5,0) | J574: =COUNTIFS(Active!C:C,A574) -> 0
A575: سمر هريدي | B575: =VLOOKUP(A575,Tutors!A:B,2,0) -> 128175285060 | C575: Secondary | D575: Español | E575: Backup | F575: =VLOOKUP(A575,Tutors!C:D,2,0) -> 2145 | G575: =VLOOKUP(A575,Tutors!C:E,3,0) | H575: =VLOOKUP(A575,Tutors!A:F,6,0) -> laprofe1307@gmail.com | I575: =VLOOKUP(A575,Tutors!C:G,5,0) -> 01066912056 | J575: =COUNTIFS(Active!C:C,A575) -> 0
A576: رانيا عبد الجواد | B576: =VLOOKUP(A576,Tutors!A:B,2,0) -> 292171703567 | C576: Secondary | D576: Français | E576: Resigned | F576: =VLOOKUP(A576,Tutors!C:D,2,0) -> 1979 | H576: =VLOOKUP(A576,Tutors!A:F,6,0) | I576: =VLOOKUP(A576,Tutors!C:G,5,0) | J576: =COUNTIFS(Active!C:C,A576) -> 0
A577: رضوى البرقوقي | B577: =VLOOKUP(A577,Tutors!A:B,2,0) -> 928120793742 | C577: Preparatory | D577: English | E577: Inactive | F577: =VLOOKUP(A577,Tutors!C:D,2,0) -> 2156 | G577: =VLOOKUP(A577,Tutors!C:E,3,0) | H577: =VLOOKUP(A577,Tutors!A:F,6,0) -> radwa1511@gmail.com | I577: =VLOOKUP(A577,Tutors!C:G,5,0) -> 01118060999 | J577: =COUNTIFS(Active!C:C,A577) -> 0
A578: بثينة طه | B578: =VLOOKUP(A578,Tutors!A:B,2,0) -> 870102132510 | C578: Preparatory | D578: الدراسات الاجتماعية | E578: Inactive | F578: =VLOOKUP(A578,Tutors!C:D,2,0) -> 1858 | G578: =VLOOKUP(A578,Tutors!C:E,3,0) | H578: =VLOOKUP(A578,Tutors!A:F,6,0) -> bosyt40@gmail.com | I578: =VLOOKUP(A578,Tutors!C:G,5,0) -> 01142417157 | J578: =COUNTIFS(Active!C:C,A578) -> 0
A579: عصام عمر | B579: =VLOOKUP(A579,Tutors!A:B,2,0) -> 142159241646 | C579: Preparatory | D579: Mathematics | E579: active | F579: =VLOOKUP(A579,Tutors!C:D,2,0) -> 1534 | G579: =VLOOKUP(A579,Tutors!C:E,3,0) | H579: =VLOOKUP(A579,Tutors!A:F,6,0) -> essam.omar@nagwa.com | I579: =VLOOKUP(A579,Tutors!C:G,5,0) -> 201113618461 | J579: =COUNTIFS(Active!C:C,A579) -> 1
A580: رحاب جمعة | B580: =VLOOKUP(A580,Tutors!A:B,2,0) -> 123132196047 | C580: Preparatory | D580: English | E580: Inactive | F580: =VLOOKUP(A580,Tutors!C:D,2,0) -> 2025 | G580: =VLOOKUP(A580,Tutors!C:E,3,0) | H580: =VLOOKUP(A580,Tutors!A:F,6,0) -> rouby_zico@yahoo.com | I580: =VLOOKUP(A580,Tutors!C:G,5,0) -> 01100909748 | J580: =COUNTIFS(Active!C:C,A580) -> 0
A581: جاكلين عطا الله | B581: =VLOOKUP(A581,Tutors!A:B,2,0) -> 179171592097 | C581: Secondary | D581: Español | E581: Inactive | F581: =VLOOKUP(A581,Tutors!C:D,2,0) -> 1994 | G581: =VLOOKUP(A581,Tutors!C:E,3,0) | H581: =VLOOKUP(A581,Tutors!A:F,6,0) -> jakleenattalla99@gmail.com | I581: =VLOOKUP(A581,Tutors!C:G,5,0) -> +201275832257 | J581: =COUNTIFS(Active!C:C,A581) -> 0
A582: أماني علام | B582: =VLOOKUP(A582,Tutors!A:B,2,0) -> 308176953497 | C582: Secondary | D582: Deutsch | E582: Backup | F582: =VLOOKUP(A582,Tutors!C:D,2,0) -> 1839 | G582: =VLOOKUP(A582,Tutors!C:E,3,0) | H582: =VLOOKUP(A582,Tutors!A:F,6,0) -> amany.allam7@gmail.com | I582: =VLOOKUP(A582,Tutors!C:G,5,0) | J582: =COUNTIFS(Active!C:C,A582) -> 0
A583: مريم حسين | B583: =VLOOKUP(A583,Tutors!A:B,2,0) -> 695180376491 | C583: Secondary | D583: Italiano | E583: Inactive | F583: =VLOOKUP(A583,Tutors!C:D,2,0) -> 1758 | G583: =VLOOKUP(A583,Tutors!C:E,3,0) | H583: =VLOOKUP(A583,Tutors!A:F,6,0) -> mero.mro9@gmail.com | I583: =VLOOKUP(A583,Tutors!C:G,5,0) | J583: =COUNTIFS(Active!C:C,A583) -> 0
A584: خالد فريد | B584: =VLOOKUP(A584,Tutors!A:B,2,0) -> 419198614751 | C584: Higher Primary | D584: ICT | E584: Inactive | F584: =VLOOKUP(A584,Tutors!C:D,2,0) -> 2297 | G584: EG04,EG05,EG06 | H584: =VLOOKUP(A584,Tutors!A:F,6,0) -> khaldfareed@gmail.com | I584: =VLOOKUP(A584,Tutors!C:G,5,0) -> 01026383650 | J584: =COUNTIFS(Active!C:C,A584) -> 0
A585: سارة كمال | B585: =VLOOKUP(A585,Tutors!A:B,2,0) -> 435164906319 | C585: Secondary | D585: Français | E585: Inactive | F585: =VLOOKUP(A585,Tutors!C:D,2,0) -> 2020 | H585: =VLOOKUP(A585,Tutors!A:F,6,0) -> sarakamalrezk@gmail.com | I585: =VLOOKUP(A585,Tutors!C:G,5,0) -> 0122 695 8654 | J585: =COUNTIFS(Active!C:C,A585) -> 0
A586: نورين طه | B586: =VLOOKUP(A586,Tutors!A:B,2,0) -> 862194859079 | C586: Lower Primary | D586: English | E586: Inactive | F586: =VLOOKUP(A586,Tutors!C:D,2,0) -> 2211 | G586: =VLOOKUP(A586,Tutors!C:E,3,0) | H586: =VLOOKUP(A586,Tutors!A:F,6,0) | I586: =VLOOKUP(A586,Tutors!C:G,5,0) | J586: =COUNTIFS(Active!C:C,A586) -> 0
A587: تقى حسن | B587: =VLOOKUP(A587,Tutors!A:B,2,0) -> 478141716532 | C587: Secondary | D587: Español | E587: Backup | F587: =VLOOKUP(A587,Tutors!C:D,2,0) -> 2069 | G587: =VLOOKUP(A587,Tutors!C:E,3,0) | H587: =VLOOKUP(A587,Tutors!A:F,6,0) -> tokahassan5@gmail.com | I587: =VLOOKUP(A587,Tutors!C:G,5,0) -> 01012286588 | J587: =COUNTIFS(Active!C:C,A587) -> 0
A588: جمال مصطفى | B588: =VLOOKUP(A588,Tutors!A:B,2,0) -> 459127286142 | C588: Secondary | D588: Italiano | E588: Inactive | F588: =VLOOKUP(A588,Tutors!C:D,2,0) -> 1862 | G588: =VLOOKUP(A588,Tutors!C:E,3,0) | H588: =VLOOKUP(A588,Tutors!A:F,6,0) -> gamal.amer86@hotmail.com | I588: =VLOOKUP(A588,Tutors!C:G,5,0) | J588: =COUNTIFS(Active!C:C,A588) -> 0
A589: محمد صفوت | B589: =VLOOKUP(A589,Tutors!A:B,2,0) -> 854101526124 | C589: Preparatory | D589: اللغة العربية | E589: Inactive | F589: =VLOOKUP(A589,Tutors!C:D,2,0) -> 1817 | G589: =VLOOKUP(A589,Tutors!C:E,3,0) -> EG07-EG08-EG09-EG10-EG11-EG12 | H589: =VLOOKUP(A589,Tutors!A:F,6,0) -> melbasel101@gmail.com | I589: =VLOOKUP(A589,Tutors!C:G,5,0) | J589: =COUNTIFS(Active!C:C,A589) -> 0
A590: محمد إمام | B590: =VLOOKUP(A590,Tutors!A:B,2,0) -> 913169734907 | C590: Secondary | D590: Chemistry | E590: Inactive | F590: =VLOOKUP(A590,Tutors!C:D,2,0) -> 1759 | G590: =VLOOKUP(A590,Tutors!C:E,3,0) -> EG10-EG11-G12 | H590: =VLOOKUP(A590,Tutors!A:F,6,0) | I590: =VLOOKUP(A590,Tutors!C:G,5,0) | J590: =COUNTIFS(Active!C:C,A590) -> 0
A591: رانا عنتر | B591: =VLOOKUP(A591,Tutors!A:B,2,0) -> 708179253837 | C591: Secondary | D591: Français | E591: Backup | F591: =VLOOKUP(A591,Tutors!C:D,2,0) -> 2160 | G591: =VLOOKUP(A591,Tutors!C:E,3,0) | H591: =VLOOKUP(A591,Tutors!A:F,6,0) -> ranaantar33@gmail.com | I591: =VLOOKUP(A591,Tutors!C:G,5,0) -> 01128544922 | J591: =COUNTIFS(Active!C:C,A591) -> 0
A592: ماريا مجدي | B592: =VLOOKUP(A592,Tutors!A:B,2,0) -> 103196870689 | C592: Secondary | D592: Français | E592: Backup | F592: =VLOOKUP(A592,Tutors!C:D,2,0) -> 2018 | G592: =VLOOKUP(A592,Tutors!C:E,3,0) | H592: =VLOOKUP(A592,Tutors!A:F,6,0) -> anna.maria.261997@gmail.com | I592: =VLOOKUP(A592,Tutors!C:G,5,0) -> 01202381996 | J592: =COUNTIFS(Active!C:C,A592) -> 0
A593: لبنى عبد العزيز | B593: =VLOOKUP(A593,Tutors!A:B,2,0) -> 568186930704 | C593: Secondary | D593: Deutsch | E593: Resigned | F593: =VLOOKUP(A593,Tutors!C:D,2,0) -> 2185 | G593: =VLOOKUP(A593,Tutors!C:E,3,0) | H593: =VLOOKUP(A593,Tutors!A:F,6,0) | I593: =VLOOKUP(A593,Tutors!C:G,5,0) | J593: =COUNTIFS(Active!C:C,A593) -> 0
A594: أحمد علام | B594: =VLOOKUP(A594,Tutors!A:B,2,0) -> 492145757573 | C594: Secondary | D594: اللغة العربية | E594: Resigned | F594: =VLOOKUP(A594,Tutors!C:D,2,0) -> 1789 | G594: EG07-EG08-EG09-EG10-EG11-EG12 | H594: =VLOOKUP(A594,Tutors!A:F,6,0) | I594: =VLOOKUP(A594,Tutors!C:G,5,0) | J594: =COUNTIFS(Active!C:C,A594) -> 0
A595: عبير فؤاد | B595: =VLOOKUP(A595,Tutors!A:B,2,0) -> 893170457017 | C595: Secondary | D595: الجغرافيا | E595: Resigned | F595: =VLOOKUP(A595,Tutors!C:D,2,0) -> 1245 | G595: =VLOOKUP(A595,Tutors!C:E,3,0) | H595: =VLOOKUP(A595,Tutors!A:F,6,0) -> abeer.fouad@nagwa.com | I595: =VLOOKUP(A595,Tutors!C:G,5,0) -> 201090406534 | J595: =COUNTIFS(Active!C:C,A595) -> 0
A596: عمر خالد | B596: =VLOOKUP(A596,Tutors!A:B,2,0) -> 347126195768 | C596: Secondary | D596: Physics | E596: Inactive | F596: =VLOOKUP(A596,Tutors!C:D,2,0) -> 2041 | G596: =VLOOKUP(A596,Tutors!C:E,3,0) -> G11 | H596: =VLOOKUP(A596,Tutors!A:F,6,0) -> omarkhaled7772016@gmail.com | I596: =VLOOKUP(A596,Tutors!C:G,5,0) -> 01119231204 | J596: =COUNTIFS(Active!C:C,A596) -> 0
A597: ماريان حنا | B597: =VLOOKUP(A597,Tutors!A:B,2,0) -> 458157430479 | C597: Preparatory | D597: Français | E597: Inactive | F597: =VLOOKUP(A597,Tutors!C:D,2,0) -> 2164 | H597: =VLOOKUP(A597,Tutors!A:F,6,0) -> maromina1986@gmail.com | I597: =VLOOKUP(A597,Tutors!C:G,5,0) -> 01282662428 | J597: =COUNTIFS(Active!C:C,A597) -> 0
...

Sheet Active
A1: Tutor Name | C1: {=UNIQUE(A:A)} -> Tutor Name
A2: محمد لقمان | C2: محمد لقمان
A3: محمد لقمان | C3: إيمان دسوقي
A4: محمد لقمان | C4: ندى عبد النبي
A5: محمد لقمان | C5: حنان صبحي
A6: إيمان دسوقي | C6: رنا طارق
A7: إيمان دسوقي | C7: نرمين صبري
A8: ندى عبد النبي | C8: أحمد عاطف
A9: إيمان دسوقي | C9: أحمد سيف
A10: حنان صبحي | C10: إيمان رمضان
A11: رنا طارق | C11: الشيماء جمال
A12: نرمين صبري | C12: خلود محمد
A13: نرمين صبري | C13: أحمد حاتم
... A462: دعاء زكريا | C462: وائل سلطان
A463: عبد الله معين
A464: السيد سابق
A465: محمد جودة
A466: محمد جودة
A467: هبة محمد
A468: رانا سامي
A469: هبة محمد
A470: عبد الله معين
A471: عبد الله معين
A472: محمد جودة
A473: إيمان حسن
A474: إيمان حسن
... A1700: هويدا منصور

Sheet Data
A1: Tutor Name | B1: Tutor ID | C1: Stage | D1: Subject | E1: Status | F1: HR ID | G1: Stage Range | H1: Email | I1: Mobile Number
A2: إيمان محمود | B2: 137198142829 | C2: Lower Primary | D2: Discover | E2: Backup | F2: 1840 | G2: EG04-EG05-EG06 | H2: imaneabada@gmail.com | I2: 01005729272
A3: نسرين زهران | B3: 193156013197 | C3: Lower Primary | D3: Discover | E3: Active | F3: 2172 | G3: EG01-EG02-EG03 | H3: the.peace20006@gmail.com | I3: 01067579926
A4: رحاب حمدي | B4: 838198456425 | C4: Lower Primary | D4: Discover | E4: Active | F4: 2171 | G4: EG01-EG02-EG03 | H4: rehab533@gmail.com | I4: 01019577994
A5: نرمين جلال | B5: 209148542918 | C5: Lower Primary | D5: Discover | E5: Active | F5: 2191 | G5: EG01-EG02-EG03-EG04-EG05 | H5: norenosman11@yahoo.com | I5: 01285292060
A6: ندى عبد النبي | B6: 105150134960 | C6: Lower Primary | D6: Discover | E6: Active | F6: 2212 | G6: EG01-EG02-EG03 | H6: nadalisaid46@gmail.com | I6: 01273190435
A7: مروة مجدي | B7: 189108478931 | C7: Lower Primary | D7: Discover | E7: Active | F7: 2443 | G7: EG01-EG02-EG03 | H7: jodyy2007@gmail.com | I7: 01091927577
A8: يارا سلطان | B8: 919170561064 | C8: Lower Primary | D8: Discover | E8: Active | F8: 2561 | G8: EG01-EG02-EG03 | H8: ywael044@gmail.com | I8: 01271833101
A9: أسماء الحسيني | B9: 623157516497 | C9: Lower Primary | D9: Discover | E9: Active | F9: 2580 | G9: EG01-EG02-EG03 | H9: elhosseinyasmaa@gmail.com | I9: 01006995563
A10: دعاء مصطفى | B10: 634163474745 | C10: Lower Primary | D10: Discover | E10: Active | F10: 2722 | G10: EG01-EG02-EG03-EG04-EG05-EG06 | H10: doaamostafaalis@gmail.com | I10: 01012291825
A11: مونيكا إدوارد | B11: 194190610534 | C11: Lower Primary | D11: Discover | E11: Backup | F11: 2757 | G11: EG01-EG02-EG03-EG04 | H11: moneyedward37@gmail.com | I11: 01277626560
A12: دنيا فاروق | B12: 148126371346 | C12: Lower Primary | D12: Discover | E12: Backup | F12: 2745 | G12: EG01-EG02-EG03 | H12: doniafarouk2811@gmail.com | I12: 01201302647
A13: إيريني عاطف | B13: 530189784630 | C13: Lower Primary | D13: English | E13: Active | F13: 2003 | G13: EG01-EG02-EG03-EG04-EG05 | H13: erineyatef@gmail.com | I13: 01211816220
A14: هبة عبد الحميد | B14: 603187625747 | C14: Lower Primary | D14: English | E14: Active | F14: 2103 | H14: heba.abdelhameed99@gmail.com | I14: 01126571109
A15: مها عبد الله | B15: 865121843486 | C15: Lower Primary | D15: English | E15: Active | F15: 2244 | H15: mahahimony@gmail.com | I15: 01156615561
A16: ميرا هشام | B16: 758108752769 | C16: Lower Primary | D16: English | E16: Active | F16: 2337 | H16: merahesham2000@gmail.com | I16: 01027391210
A17: نوران أسامة | B17: 426167021594 | C17: Lower Primary | D17: English | E17: Active | F17: 2519 | G17: EG01-EG02-EG03-EG04 | H17: nouranyl64@gmail.com | I17: 01010594459
A18: إسراء علاء | B18: 915139613231 | C18: Lower Primary | D18: English | E18: Backup | F18: 2422 | G18: EG01-EG02-EG03-EG04-EG05-EG06-EG07 | H18: esraalaa25@gmail.com | I18: 01091311114
A19: سارة جرجس | B19: 598135839671 | C19: Lower Primary | D19: English | E19: Active | F19: 2493 | G19: EG01-EG02-EG03-EG04-EG05 | H19: aueed.eteachers@gmail.com | I19: 01270819064
A20: ندى شريف | B20: 695139708380 | C20: Lower Primary | D20: English | E20: Active | F20: 2614 | G20: EG01-EG02-EG03-EG04-EG05 | H20: nadasherif1007@gmail.com
A21: أسماء حمزة | B21: 967160462696 | C21: Lower Primary | D21: English | E21: Active | F21: 2643 | G21: EG01-EG02 | H21: somahamza27@gmail.com
A22: شاهندة عبد العزيز | B22: 135178965350 | C22: Lower Primary | D22: English | E22: Inactive | F22: 2642 | G22: EG01-EG02 | H22: shahendaabdulaziz98@gmail.com | I22: 01004298923
A23: جيهان سمير | B23: 930131871381 | C23: Lower Primary | D23: English | E23: Active | F23: 2715 | G23: EG01-EG02-EG03-EG04-5 | H23: mrsgehan94@gmail.com | I23: 1013586544
A24: ريهام هريدي | B24: 208148393089 | C24: Lower Primary | D24: English | E24: Active | F24: 2695 | G24: EG01-EG02 | H24: reham.haridy17@gmail.com | I24: 01126620688
A25: ندى علي | B25: 406159296081 | C25: Lower Primary | D25: English | E25: Active | F25: 2730 | G25: EG01-EG02-EG03-EG04 | H25: nadaaly58@gmail.com | I25: 01275735695
A26: مارينا عماد | B26: 586170564150 | C26: Lower Primary | D26: English | E26: Active | F26: 2629 | G26: EG01-EG02-EG03-EG04 | H26: marinaemad4922@gmail.com | I26: 01210882072
A27: ماريام أشرف | B27: 450190591429 | C27: Lower Primary | D27: English | E27: Active | F27: 2781 | G27: EG01-EG02-EG03-EG04 | H27: ashrfmaryam557@gmail.com
A28: إيمان جلال | B28: 618168909236 | C28: Lower Primary | D28: English | E28: Active | F28: 2784 | G28: EG01-EG02-EG03-EG04-EG05-EG06 | H28: galaleman21@yahoo.com | I28: 01276133970
A29: نهى لطفي | B29: 729171317072 | C29: Lower Primary | D29: English | E29: Active | F29: 2771 | G29: EG01-EG02-EG03-EG04-EG05-EG06 | H29: nohalotfy33@gmail.com | I29: 01271850094
A30: صفا عادل | B30: 898178084762 | C30: Lower Primary | D30: English | E30: Active | F30: 2783 | G30: EG01-EG02-EG03-EG04-EG05-EG06 | H30: safaadel499@gmail.com
A31: نجوى بدوي | B31: 193161234392 | C31: Lower Primary | D31: English | E31: Inactive | F31: 2779 | G31: EG01-EG02-EG03 | H31: nosamohamed000@gmail.com
A32: شاهنده محمد | B32: 439182479634 | C32: Lower Primary | D32: English | E32: Active | F32: 2807 | G32: EG01-EG02-EG03-EG04 | H32: shahendamohammad3@gmail.com | I32: 01223315390
A33: أسماء أشرف | B33: 363152838573 | C33: Lower Primary | D33: Mathematics | E33: Active | F33: 2310 | H33: asmaaashraf.aa@gmail.com | I33: 01015511375
A34: آية صبحي | B34: 628128564178 | C34: Lower Primary | D34: Mathematics | E34: Active | F34: 2290 | H34: ayasobhy2014@gmail.com | I34: 01096896433
A35: نورهان هاني | B35: 832181306187 | C35: Lower Primary | D35: Mathematics | E35: Active | F35: 2436 | G35: EG01-EG02-EG03-EG04-EG05-EG06 | H35: nourhan.hany.amer.1992@gmail.com | I35: 01023766623
A36: آية فتحي | B36: 617181867475 | C36: Lower Primary | D36: Mathematics | E36: Active | F36: 2428 | G36: EG01-EG02-EG03-EG04-EG05-EG06 | H36: ayafathy1020@gmail.com | I36: 01025755518//01507075518
A37: نورهان ياسر | B37: 957197456092 | C37: Lower Primary | D37: Mathematics | E37: Active | F37: 2427 | G37: EG01-EG02-EG03 | H37: nourhanyasser1999184@gmail.com | I37: 01110620513
A38: إيمان رمضان | B38: 896191427156 | C38: Lower Primary | D38: Mathematics | E38: Active | F38: 2440 | G38: EG01-EG02-EG03 | H38: emanali8134@gmail.com | I38: 01282166883
A39: آية عادل | B39: 304149687570 | C39: Lower Primary | D39: Mathematics | E39: Active | F39: 2454 | G39: EG01-EG02-EG03 | H39: aya963539@gmail.com | I39: 01064460758
A40: دينا رضوان | B40: 590135797239 | C40: Lower Primary | D40: Mathematics | E40: Active | F40: 2447 | G40: EG01-EG02-EG03-EG04-EG05 | H40: dinaradwan109@gmail.com | I40: 01144211463
A41: سمية محمد | B41: 142195036319 | C41: Lower Primary | D41: Mathematics | E41: Active | F41: 2445 | G41: EG01-EG02-EG03-EG04-EG05-EG06 | H41: somaiamohmed2050@gmail.com | I41: 01096034557
A42: نورهان فاضل | B42: 927186502806 | C42: Lower Primary | D42: Mathematics | E42: Active | F42: 2596 | G42: EG01-EG02-EG03-EG04-EG05 | H42: nourhan.fdel5@gmail.com | I42: 01091234112
A43: مريم الجوهري | B43: 498123203923 | C43: Lower Primary | D43: Mathematics | E43: Active | F43: 2055 | G43: EG01-EG02-EG03 | H43: mariamelgohary8@gmail.com
A44: ياسمين إيهاب | B44: 206164640790 | C44: Lower Primary | D44: Mathematics | E44: Active | F44: 2623 | G44: EG01-EG02-EG03-EG04-EG05-EG06 | H44: yasmin.ihab.abdelwahed@hotmail.com
A45: شيماء نبيل | B45: 852141603272 | C45: Lower Primary | D45: اكتشف | E45: Active | F45: 2179 | G45: EG01-EG02 | H45: shaimaa.nabil2410@gmail.com | I45: 01013159595
A46: ياسمين محروس | B46: 387193739376 | C46: Lower Primary | D46: اكتشف | E46: Active | F46: 2246 | G46: EG01-EG02-EG03-EG04-EG05-EG06- | H46: yoyotamer2345@gmail.com | I46: 01114556924
A47: نرمين صبري | B47: 162170576960 | C47: Lower Primary | D47: الرياضيات | E47: Active | F47: 2215 | H47: nermeensabry992@gmail.com | I47: 01284529778
A48: مروة عبد الشافي | B48: 797175802139 | C48: Lower Primary | D48: الرياضيات | E48: Active | F48: 2266 | H48: marmar.elmahdy@gmail.com | I48: 01061732805-01289867044
A49: فاطمة لبيب | B49: 374143640395 | C49: Lower Primary | D49: الرياضيات | E49: Active | F49: 2473 | G49: EG01-EG02-EG03-EG04-EG05-EG06 | H49: fatmalabib041@gmail.com | I49: 01019758284
A50: حسين حلمي | B50: 318195473726 | C50: Lower Primary | D50: الرياضيات | E50: Active | F50: 2072 | G50: EG01-EG02-EG03 | H50: hussienhelmy54@gmail.com | I50: 01222364937
A51: نهلة يسري | B51: 310146136271 | C51: Lower Primary | D51: الرياضيات | E51: Backup | F51: 2702 | G51: EG01-EG02-EG03-EG04-EG05-EG06 | H51: nahlayousry6@gmail.com
A52: إبراهيم طارق | B52: 376107598539 | C52: Lower Primary | D52: اللغة العربية | E52: Active | F52: 2092 | G52: EG01-EG02-EG03-EG04-EG05-EG06 | H52: ibrahimtarek1412@gmail.com
A53: سارة عبد الحميد | B53: 538160861310 | C53: Lower Primary | D53: اللغة العربية | E53: Active | F53: 2178 | G53: EG01-EG02-EG03 | H53: sara.mohmed409@gmail.com | I53: 01155026319
A54: إيمان شاكر | B54: 486125208283 | C54: Lower Primary | D54: اللغة العربية | E54: Active | F54: 2273 | G54: EG01-EG02-EG03-EG04-EG05-EG06 | H54: emanshaker81@gmail.com | I54: 0201114924955
A55: دعاء زكريا | B55: 689140818514 | C55: Lower Primary | D55: اللغة العربية | E55: Active | F55: 2278 | G55: EG01-EG02-EG03-EG04-EG05-EG06 | H55: douaazika@gmail.com
A56: ياسمين محمد | B56: 948108182631 | C56: Lower Primary | D56: اللغة العربية | E56: Active | F56: 2321 | G56: EG01-EG02-EG03 | H56: myasmine116@gmail.com | I56: 01015633019
A57: إنجي مختار | B57: 215195154738 | C57: Lower Primary | D57: اللغة العربية | E57: Active | F57: 2441 | G57: EG01-EG02-EG03 | H57: enjymokhtar.219@gmail.com | I57: 01201521125
A58: شيماء كمال | B58: 257176871480 | C58: Lower Primary | D58: اللغة العربية | E58: Active | F58: 2461 | G58: EG01-EG02-EG03 | H58: shimaakamal553@gmail.com | I58: 01157711782
A59: أسماء قاسم | B59: 183129070275 | C59: Lower Primary | D59: اللغة العربية | E59: Active | F59: 2458 | G59: EG01-EG02-EG03 | H59: asmaakasem25@hotmail.com | I59: 01100109067
A60: شيماء حسين فهمي | B60: 573149872824 | C60: Lower Primary | D60: اللغة العربية | E60: Active | F60: 2491 | G60: EG01-EG02-EG03 | H60: shimaahussain2@gmail.com | I60: 01016634509
A61: منال إبراهيم | B61: 974169434219 | C61: Lower Primary | D61: اللغة العربية | E61: Active | F61: 2448 | G61: EG01-EG02-EG03 | H61: manalabdelnaby10@gmail.com
A62: شيماء سليمان | B62: 574161321575 | C62: Lower Primary | D62: اللغة العربية | E62: Active | F62: 2581 | G62: EG01-EG02-EG03 | H62: shimosoliman4016@gmail.com
A63: أماني سعد | B63: 879135754897 | C63: Lower Primary | D63: اللغة العربية | E63: Active | F63: 2619 | G63: EG01-EG02-EG03 | H63: amanianas217@gmail.com | I63: 01001014795
A64: آلاء أشرف | B64: 865163793520 | C64: Lower Primary | D64: اللغة العربية | E64: Active | F64: 2703 | G64: EG01-EG02-EG03-EG04 | H64: alaa.work91@gmail.com | I64: 1006108593
A65: سارة سعيد | B65: 923168406232 | C65: Lower Primary | D65: اللغة العربية | E65: Active | F65: 2735 | G65: EG01-EG02-EG03-EG04-EG05-EG06 | H65: sosajojo29@gmail.com | I65: 01211339318
A66: زينب سمير | B66: 762178172726 | C66: Lower Primary | D66: اللغة العربية | E66: Active | F66: 2720 | G66: EG01-EG02-EG03-EG04-EG05-EG06 | H66: zeinabsamirsamir@gmail.com
A67: أميرة غيث | B67: 962134062378 | C67: Higher Primary | D67: English | E67: Active | F67: 1963 | H67: amiraghth@gmail.com | I67: 01119682313
A68: طه محمد | B68: 403165323978 | C68: Higher Primary | D68: English | E68: Active | F68: 1990 | H68: tahaeldaowdy@gmail.com | I68: +201119688644
A69: رافد سلمان | B69: 162140810204 | C69: Higher Primary | D69: English | E69: Active | F69: 2153 | H69: der7afer@gmail.com | I69: 01145433963
A70: إيمان عطية | B70: 457195859749 | C70: Higher Primary | D70: English | E70: Backup | F70: 2311 | H70: eman.ismail89@gmail.com | I70: 01098433794
A71: دينا حسين | B71: 285101463697 | C71: Higher Primary | D71: English | E71: Active | F71: 2357 | G71: EG04-EG05-EG06-EG07-EG08-EG09 | H71: elsayeddina@hotmail.com | I71: 01114432985
A72: ريم الديب | B72: 958105146807 | C72: Higher Primary | D72: English | E72: Active | F72: 2401 | G72: EG04-EG05-EG06-EG07-EG08-EG09 | H72: raldeeb.hesham@gmail.com | I72: 01010014454
A73: مرام طارق | B73: 315145768378 | C73: Higher Primary | D73: English | E73: Active | F73: 2421 | G73: EG04-EG05-EG06-EG07-EG08-EG09 | H73: maram.tareq1988@gmail.com | I73: 01550116087
A74: إيمان فؤاد | B74: 234189763426 | C74: Higher Primary | D74: English | E74: Active | F74: 2426 | G74: EG04-EG05-EG06-EG07-EG08-EG09 | H74: efouad774@gmail.com | I74: 01203102091
A75: دعاء أبو الحديد | B75: 284156708018 | C75: Higher Primary | D75: English | E75: Active | F75: 2439 | G75: EG04-EG05-EG06-EG07 | H75: doaa.aboelhadid@gmail.com | I75: 01090759683
A76: شيرين محمد | B76: 574109525960 | C76: Higher Primary | D76: English | E76: Backup | F76: 2471 | G76: EG04-EG05-EG06-EG07-EG08-EG09 | H76: sherin.mohamed.hafez@gmail.com | I76: 01017179234
A77: إيمان حسن | B77: 204103586289 | C77: Higher Primary | D77: English | E77: Active | F77: 2550 | G77: EG03-EG04-EG05-EG06 | H77: eh718010@gmail.com | I77: 01011118294
A78: محمد شعبان | B78: 203175727593 | C78: Higher Primary | D78: English | E78: Active | F78: 2626 | G78: EG04-EG05-EG06 | H78: ms3455672@gmail.com | I78: 01068974535
A79: نورهان عماد | B79: 276184302392 | C79: Higher Primary | D79: English | E79: Active | F79: 2557 | G79: EG04-EG05-EG06 | H79: nourhanemad92@gmail.com | I79: 01007704272
A80: ريهام أحمد | B80: 165185273620 | C80: Higher Primary | D80: English | E80: Active | F80: 2617 | G80: EG04-EG05-EG06-EG07-EG08-EG09 | H80: rihamaql@gmail.com
A81: سارة عادل | B81: 494132147854 | C81: Higher Primary | D81: English | E81: Active | F81: 2644 | G81: EG04-EG05-EG06-EG07-EG08-EG09 | H81: sarahadel25@gmail.com | I81: 01221284747
A82: مصطفى عتمان | B82: 179182107469 | C82: Higher Primary | D82: English | E82: Active | F82: 2676 | G82: EG04-EG05-EG06 | H82: ettmanmostafa@gmail.com | I82: 01002002430
A83: ناريمان الشاعر | B83: 390140483239 | C83: Higher Primary | D83: English | E83: Active | F83: 2671 | G83: EG04-EG05-EG06 | H83: narimanelshaer29@gmail.com | I83: 01068481234
A84: ياسمين زكي | B84: 302164164286 | C84: Higher Primary | D84: English | E84: Active | F84: 2685 | G84: EG04-EG05 | H84: yasmin.t.zaki@gmail.com
A85: عمرو موافي | B85: 102186959703 | C85: Higher Primary | D85: English | E85: Active | F85: 2684 | G85: EG04-EG05-EG06-7-8 | H85: amrmowafy2025@gmail.com | I85: 01004917420
A86: ندى صيام | B86: 435167307015 | C86: Higher Primary | D86: English | E86: Inactive | F86: 2723 | G86: EG04-EG05-EG06 | H86: nadasiam055@gmail.com | I86: 01025277618
A87: نجوى نوير | B87: 219178041630 | C87: Higher Primary | D87: English | E87: Active | F87: 2686 | G87: EG04-EG05-EG06 | H87: nagwaneweir@gmail.com | I87: 01000321191
A88: بيتر جورج | B88: 643120708265 | C88: Higher Primary | D88: English | E88: Active | F88: 2698 | G88: EG04-EG05-EG06-EG07-EG08-EG09 | H88: peter.hanna.said@gmail.com | I88: 01023587845
A89: إياد سيد | B89: 424185416756 | C89: Higher Primary | D89: English | E89: Backup | F89: 2693 | G89: EG04-EG05-EG06 | H89: eyadsayed2016@gmail.com | I89: 01225926326
A90: سمر السيد | B90: 953168381683 | C90: Higher Primary | D90: English | E90: Active | F90: 2667 | G90: EG04-EG05-EG06 | H90: samarhtt88@gmail.com
A91: بسمة فؤاد | B91: 548159074528 | C91: Higher Primary | D91: English | E91: Active | F91: 2725 | G91: EG04-EG05-EG06-7 | H91: basma.fouad@yahoo.com | I91: 01099743661
A92: منى الشاعر | B92: 759196045212 | C92: Higher Primary | D92: English | E92: Active | F92: 2751 | G92: EG04-EG05-EG06 | H92: monakoka010@gmail.com | I92: 01141513173
A93: سمير فرج | B93: 680125089292 | C93: Higher Primary | D93: English | E93: Active | F93: 2597 | G93: EG04-EG05-EG06-EG07-EG08-EG09 | H93: mr.samiribrahim@yahoo.com | I93: 01200100441
A94: نهى إبراهيم | B94: 713154590107 | C94: Higher Primary | D94: English | E94: Active | F94: 2691 | G94: EG04-EG05-EG06 | H94: nohaibrahim1310@gmail.com | I94: 1013522250
A95: إبراهيم عبد العليم | B95: 364193795818 | C95: Higher Primary | D95: English | E95: Active | F95: 2717 | G95: EG04-EG05-EG06 | H95: ibrahimabdelaliem591@gmail.com | I95: 01013720278
A96: سهر السيد | B96: 108171586739 | C96: Higher Primary | D96: English | E96: Active | F96: 2707 | G96: EG04-EG05-EG06 | H96: mrs.sahar.savvy@gmail.com
A97: محمد سيد | B97: 625187252525 | C97: Higher Primary | D97: English | E97: Active | F97: 2670 | G97: EG04-EG05-EG06-EG07-EG08-EG09-10-11 | H97: omer_mohamed2009@yahoo.com | I97: 00201017573880
A98: دعاء عماد الدين | B98: 409109172938 | C98: Higher Primary | D98: English | E98: Backup | F98: 2765 | G98: EG04-EG05-EG06-EG07-EG08-EG09 | H98: doaaemadeldin6@gmail.com | I98: 01099093013
A99: يوسف محمود | B99: 356132167530 | C99: Higher Primary | D99: English | E99: Backup | F99: 2767 | G99: EG04-EG05-EG06-EG07-EG08-EG09 | H99: ymy201010@gmail.com
A100: نهلة اليماني | B100: 186143210451 | C100: Higher Primary | D100: English | E100: Active | F100: 2632 | G100: EG04-EG05-EG06-EG07 | H100: nahla.y2013@gmail.com | I100: 01015128248
...

Sheet Tutors
A1: =IFERROR(__xludf.DUMMYFUNCTION("IMPORTRANGE(""https://docs.google.com/spreadsheets/d/196Silsrf5-pGVgMAh12IsxqLLk10J-5WvEmb-v-qEgc/edit?pli=1&gid=91105518#gid=91105518"", ""Tutors Data!B:B"")"),"Tutor Name") -> Tutor Name | B1: =IFERROR(__xludf.DUMMYFUNCTION("IMPORTRANGE(""https://docs.google.com/spreadsheets/d/196Silsrf5-pGVgMAh12IsxqLLk10J-5WvEmb-v-qEgc/edit?pli=1&gid=91105518#gid=91105518"", ""Tutors Data!a:a"")"),"Tutor ID") -> Tutor ID | C1: =IFERROR(__xludf.DUMMYFUNCTION("IMPORTRANGE(""https://docs.google.com/spreadsheets/d/196Silsrf5-pGVgMAh12IsxqLLk10J-5WvEmb-v-qEgc/edit?pli=1&gid=91105518#gid=91105518"", ""Tutors Data!B:B"")"),"Tutor Name") -> Tutor Name | D1: =IFERROR(__xludf.DUMMYFUNCTION("IMPORTRANGE(""https://docs.google.com/spreadsheets/d/196Silsrf5-pGVgMAh12IsxqLLk10J-5WvEmb-v-qEgc/edit?pli=1&gid=91105518#gid=91105518"", ""Tutors Data!d:d"")"),"HR ID") -> HR ID | E1: =IFERROR(__xludf.DUMMYFUNCTION("IMPORTRANGE(""https://docs.google.com/spreadsheets/d/196Silsrf5-pGVgMAh12IsxqLLk10J-5WvEmb-v-qEgc/edit?pli=1&gid=91105518#gid=91105518"", ""Tutors Data!g:g"")"),"Stages") -> Stages | F1: =IFERROR(__xludf.DUMMYFUNCTION("IMPORTRANGE(""https://docs.google.com/spreadsheets/d/196Silsrf5-pGVgMAh12IsxqLLk10J-5WvEmb-v-qEgc/edit?pli=1&gid=91105518#gid=91105518"", ""Tutors Data!h:i"")"),"email") -> email | G1: =IFERROR(__xludf.DUMMYFUNCTION("""COMPUTED_VALUE"""),"Mobile Number") -> Mobile Number
A2: =IFERROR(__xludf.DUMMYFUNCTION("""COMPUTED_VALUE"""),"أحمد حاتم") -> أحمد حاتم | B2: =IFERROR(__xludf.DUMMYFUNCTION("""COMPUTED_VALUE"""),1.79169073012E11) -> 179169073012 | C2: =IFERROR(__xludf.DUMMYFUNCTION("""COMPUTED_VALUE"""),"أحمد حاتم") -> أحمد حاتم | D2: =IFERROR(__xludf.DUMMYFUNCTION("""COMPUTED_VALUE"""),"888") -> 888 | F2: =IFERROR(__xludf.DUMMYFUNCTION("""COMPUTED_VALUE"""),"ahmed.hatem@nagwa.com") -> ahmed.hatem@nagwa.com | G2: =IFERROR(__xludf.DUMMYFUNCTION("""COMPUTED_VALUE"""),2.01156629949E11) -> 201156629949
A3: =IFERROR(__xludf.DUMMYFUNCTION("""COMPUTED_VALUE"""),"مازن جاد") -> مازن جاد | B3: =IFERROR(__xludf.DUMMYFUNCTION("""COMPUTED_VALUE"""),4.52123973904E11) -> 452123973904 | C3: =IFERROR(__xludf.DUMMYFUNCTION("""COMPUTED_VALUE"""),"مازن جاد") -> مازن جاد | D3: =IFERROR(__xludf.DUMMYFUNCTION("""COMPUTED_VALUE"""),"1330") -> 1330 | F3: =IFERROR(__xludf.DUMMYFUNCTION("""COMPUTED_VALUE"""),"s-mazenhafez@zewailcity.edu.eg") -> s-mazenhafez@zewailcity.edu.eg
A4: =IFERROR(__xludf.DUMMYFUNCTION("""COMPUTED_VALUE"""),"ربيع الدوحة") -> ربيع الدوحة | B4: =IFERROR(__xludf.DUMMYFUNCTION("""COMPUTED_VALUE"""),6.5617963685E11) -> 656179636850 | C4: =IFERROR(__xludf.DUMMYFUNCTION("""COMPUTED_VALUE"""),"ربيع الدوحة") -> ربيع الدوحة | D4: =IFERROR(__xludf.DUMMYFUNCTION("""COMPUTED_VALUE"""),"110") -> 110 | E4: =IFERROR(__xludf.DUMMYFUNCTION("""COMPUTED_VALUE"""),"EG07-EG08-EG09-EG10-EG11-EG12") -> EG07-EG08-EG09-EG10-EG11-EG12 | F4: =IFERROR(__xludf.DUMMYFUNCTION("""COMPUTED_VALUE"""),"rabeeelshaer1@gmail.com") -> rabeeelshaer1@gmail.com
A5: =IFERROR(__xludf.DUMMYFUNCTION("""COMPUTED_VALUE"""),"رضا جبريل") -> رضا جبريل | B5: =IFERROR(__xludf.DUMMYFUNCTION("""COMPUTED_VALUE"""),1.98159430149E11) -> 198159430149 | C5: =IFERROR(__xludf.DUMMYFUNCTION("""COMPUTED_VALUE"""),"رضا جبريل") -> رضا جبريل | D5: =IFERROR(__xludf.DUMMYFUNCTION("""COMPUTED_VALUE"""),"1083") -> 1083 | E5: =IFERROR(__xludf.DUMMYFUNCTION("""COMPUTED_VALUE"""),"EG10-EG11-EG12") -> EG10-EG11-EG12
A6: =IFERROR(__xludf.DUMMYFUNCTION("""COMPUTED_VALUE"""),"عبير فؤاد") -> عبير فؤاد | B6: =IFERROR(__xludf.DUMMYFUNCTION("""COMPUTED_VALUE"""),8.93170457017E11) -> 893170457017 | C6: =IFERROR(__xludf.DUMMYFUNCTION("""COMPUTED_VALUE"""),"عبير فؤاد") -> عبير فؤاد | D6: =IFERROR(__xludf.DUMMYFUNCTION("""COMPUTED_VALUE"""),"1245") -> 1245 | F6: =IFERROR(__xludf.DUMMYFUNCTION("""COMPUTED_VALUE"""),"abeer.fouad@nagwa.com") -> abeer.fouad@nagwa.com | G6: =IFERROR(__xludf.DUMMYFUNCTION("""COMPUTED_VALUE"""),2.01090406534E11) -> 201090406534
A7: =IFERROR(__xludf.DUMMYFUNCTION("""COMPUTED_VALUE"""),"عبد الله معين") -> عبد الله معين | B7: =IFERROR(__xludf.DUMMYFUNCTION("""COMPUTED_VALUE"""),1.30151805637E11) -> 130151805637 | C7: =IFERROR(__xludf.DUMMYFUNCTION("""COMPUTED_VALUE"""),"عبد الله معين") -> عبد الله معين | D7: =IFERROR(__xludf.DUMMYFUNCTION("""COMPUTED_VALUE"""),"145") -> 145 | E7: =IFERROR(__xludf.DUMMYFUNCTION("""COMPUTED_VALUE"""),"EG04-EG05-EG06-EG07-EG08-EG09-EG10-EG11-EG12") -> EG04-EG05-EG06-EG07-EG08-EG09-EG10-EG11-EG12 | F7: =IFERROR(__xludf.DUMMYFUNCTION("""COMPUTED_VALUE"""),"abdallah.moeenn@gmail.com") -> abdallah.moeenn@gmail.com
A8: =IFERROR(__xludf.DUMMYFUNCTION("""COMPUTED_VALUE"""),"محمد البدساوي") -> محمد البدساوي | B8: =IFERROR(__xludf.DUMMYFUNCTION("""COMPUTED_VALUE"""),1.43165762069E11) -> 143165762069 | C8: =IFERROR(__xludf.DUMMYFUNCTION("""COMPUTED_VALUE"""),"محمد البدساوي") -> محمد البدساوي | D8: =IFERROR(__xludf.DUMMYFUNCTION("""COMPUTED_VALUE"""),"737") -> 737 | E8: =IFERROR(__xludf.DUMMYFUNCTION("""COMPUTED_VALUE"""),"EG04-EG05-EG06-EG07-EG08-EG09-EG10-EG11-EG12") -> EG04-EG05-EG06-EG07-EG08-EG09-EG10-EG11-EG12 | F8: =IFERROR(__xludf.DUMMYFUNCTION("""COMPUTED_VALUE"""),"mohamed.eid@nagwa.com") -> mohamed.eid@nagwa.com
A9: =IFERROR(__xludf.DUMMYFUNCTION("""COMPUTED_VALUE"""),"محمد إسماعيل") -> محمد إسماعيل | B9: =IFERROR(__xludf.DUMMYFUNCTION("""COMPUTED_VALUE"""),9.06184953437E11) -> 906184953437 | C9: =IFERROR(__xludf.DUMMYFUNCTION("""COMPUTED_VALUE"""),"محمد إسماعيل") -> محمد إسماعيل | D9: =IFERROR(__xludf.DUMMYFUNCTION("""COMPUTED_VALUE"""),"1763") -> 1763 | F9: =IFERROR(__xludf.DUMMYFUNCTION("""COMPUTED_VALUE"""),"ismailm1989@gmail.com") -> ismailm1989@gmail.com | G9: =IFERROR(__xludf.DUMMYFUNCTION("""COMPUTED_VALUE"""),2.01129525491E11) -> 201129525491
A10: =IFERROR(__xludf.DUMMYFUNCTION("""COMPUTED_VALUE"""),"عمرو خطاب") -> عمرو خطاب | B10: =IFERROR(__xludf.DUMMYFUNCTION("""COMPUTED_VALUE"""),1.59150394389E11) -> 159150394389 | C10: =IFERROR(__xludf.DUMMYFUNCTION("""COMPUTED_VALUE"""),"عمرو خطاب") -> عمرو خطاب | D10: =IFERROR(__xludf.DUMMYFUNCTION("""COMPUTED_VALUE"""),"443") -> 443 | F10: =IFERROR(__xludf.DUMMYFUNCTION("""COMPUTED_VALUE"""),"amr.khattab@nagwa.com") -> amr.khattab@nagwa.com
A11: =IFERROR(__xludf.DUMMYFUNCTION("""COMPUTED_VALUE"""),"حسين مصطفى") -> حسين مصطفى | B11: =IFERROR(__xludf.DUMMYFUNCTION("""COMPUTED_VALUE"""),4.67134069813E11) -> 467134069813 | C11: =IFERROR(__xludf.DUMMYFUNCTION("""COMPUTED_VALUE"""),"حسين مصطفى") -> حسين مصطفى | D11: =IFERROR(__xludf.DUMMYFUNCTION("""COMPUTED_VALUE"""),"1127") -> 1127 | E11: =IFERROR(__xludf.DUMMYFUNCTION("""COMPUTED_VALUE"""),"EG04-EG05-EG06-EG07-EG08-EG09-EG10-EG11-EG12") -> EG04-EG05-EG06-EG07-EG08-EG09-EG10-EG11-EG12 | F11: =IFERROR(__xludf.DUMMYFUNCTION("""COMPUTED_VALUE"""),"hussein.mostafa@nagwa.com") -> hussein.mostafa@nagwa.com | G11: =IFERROR(__xludf.DUMMYFUNCTION("""COMPUTED_VALUE"""),2.01091050146E11) -> 201091050146
A12: =IFERROR(__xludf.DUMMYFUNCTION("""COMPUTED_VALUE"""),"علياء مكاوي") -> علياء مكاوي | B12: =IFERROR(__xludf.DUMMYFUNCTION("""COMPUTED_VALUE"""),6.15158327698E11) -> 615158327698 | C12: =IFERROR(__xludf.DUMMYFUNCTION("""COMPUTED_VALUE"""),"علياء مكاوي") -> علياء مكاوي | D12: =IFERROR(__xludf.DUMMYFUNCTION("""COMPUTED_VALUE"""),"1471") -> 1471 | E12: =IFERROR(__xludf.DUMMYFUNCTION("""COMPUTED_VALUE"""),"EG04-EG05-EG06-EG07-EG08-EG09") -> EG04-EG05-EG06-EG07-EG08-EG09 | F12: =IFERROR(__xludf.DUMMYFUNCTION("""COMPUTED_VALUE"""),"aliaa.makkawy@nagwa.com") -> aliaa.makkawy@nagwa.com | G12: =IFERROR(__xludf.DUMMYFUNCTION("""COMPUTED_VALUE"""),2.01063570903E11) -> 201063570903
A13: =IFERROR(__xludf.DUMMYFUNCTION("""COMPUTED_VALUE"""),"زينة الشيخ") -> زينة الشيخ | B13: =IFERROR(__xludf.DUMMYFUNCTION("""COMPUTED_VALUE"""),6.32164034291E11) -> 632164034291 | C13: =IFERROR(__xludf.DUMMYFUNCTION("""COMPUTED_VALUE"""),"زينة الشيخ") -> زينة الشيخ | D13: =IFERROR(__xludf.DUMMYFUNCTION("""COMPUTED_VALUE"""),"1004") -> 1004 | E13: =IFERROR(__xludf.DUMMYFUNCTION("""COMPUTED_VALUE"""),"EG04-EG05-EG06-EG07-EG08-EG09") -> EG04-EG05-EG06-EG07-EG08-EG09 | F13: =IFERROR(__xludf.DUMMYFUNCTION("""COMPUTED_VALUE"""),"zeina.elsheikh@nagwa.com") -> zeina.elsheikh@nagwa.com | G13: =IFERROR(__xludf.DUMMYFUNCTION("""COMPUTED_VALUE"""),"01097890222") -> 01097890222
A14: =IFERROR(__xludf.DUMMYFUNCTION("""COMPUTED_VALUE"""),"إسلام محمد") -> إسلام محمد | B14: =IFERROR(__xludf.DUMMYFUNCTION("""COMPUTED_VALUE"""),1.70181505929E11) -> 170181505929 | C14: =IFERROR(__xludf.DUMMYFUNCTION("""COMPUTED_VALUE"""),"إسلام محمد") -> إسلام محمد | D14: =IFERROR(__xludf.DUMMYFUNCTION("""COMPUTED_VALUE"""),"1647") -> 1647 | F14: =IFERROR(__xludf.DUMMYFUNCTION("""COMPUTED_VALUE"""),"eslam.mohamed@nagwa.com") -> eslam.mohamed@nagwa.com | G14: =IFERROR(__xludf.DUMMYFUNCTION("""COMPUTED_VALUE"""),"01097158020") -> 01097158020
A15: =IFERROR(__xludf.DUMMYFUNCTION("""COMPUTED_VALUE"""),"محمد رفعت") -> محمد رفعت | B15: =IFERROR(__xludf.DUMMYFUNCTION("""COMPUTED_VALUE"""),6.98108096794E11) -> 698108096794 | C15: =IFERROR(__xludf.DUMMYFUNCTION("""COMPUTED_VALUE"""),"محمد رفعت") -> محمد رفعت | D15: =IFERROR(__xludf.DUMMYFUNCTION("""COMPUTED_VALUE"""),"1776") -> 1776 | F15: =IFERROR(__xludf.DUMMYFUNCTION("""COMPUTED_VALUE"""),"seniormaths25@gmail.com") -> seniormaths25@gmail.com | G15: =IFERROR(__xludf.DUMMYFUNCTION("""COMPUTED_VALUE"""),"01129242524") -> 01129242524
A16: =IFERROR(__xludf.DUMMYFUNCTION("""COMPUTED_VALUE"""),"نورهان حشاد") -> نورهان حشاد | B16: =IFERROR(__xludf.DUMMYFUNCTION("""COMPUTED_VALUE"""),4.08124082075E11) -> 408124082075 | C16: =IFERROR(__xludf.DUMMYFUNCTION("""COMPUTED_VALUE"""),"نورهان حشاد") -> نورهان حشاد | D16: =IFERROR(__xludf.DUMMYFUNCTION("""COMPUTED_VALUE"""),1363.0) -> 1363 | F16: =IFERROR(__xludf.DUMMYFUNCTION("""COMPUTED_VALUE"""),"nourhan.hashad@nagwa.com") -> nourhan.hashad@nagwa.com | G16: =IFERROR(__xludf.DUMMYFUNCTION("""COMPUTED_VALUE"""),2.01112094005E11) -> 201112094005
A17: =IFERROR(__xludf.DUMMYFUNCTION("""COMPUTED_VALUE"""),"أحمد عماد") -> أحمد عماد | B17: =IFERROR(__xludf.DUMMYFUNCTION("""COMPUTED_VALUE"""),3.52134305787E11) -> 352134305787 | C17: =IFERROR(__xludf.DUMMYFUNCTION("""COMPUTED_VALUE"""),"أحمد عماد") -> أحمد عماد | D17: =IFERROR(__xludf.DUMMYFUNCTION("""COMPUTED_VALUE"""),"1212") -> 1212
A18: =IFERROR(__xludf.DUMMYFUNCTION("""COMPUTED_VALUE"""),"شادي خالد") -> شادي خالد | B18: =IFERROR(__xludf.DUMMYFUNCTION("""COMPUTED_VALUE"""),6.48193010591E11) -> 648193010591 | C18: =IFERROR(__xludf.DUMMYFUNCTION("""COMPUTED_VALUE"""),"شادي خالد") -> شادي خالد | D18: =IFERROR(__xludf.DUMMYFUNCTION("""COMPUTED_VALUE"""),"1087") -> 1087 | E18: =IFERROR(__xludf.DUMMYFUNCTION("""COMPUTED_VALUE"""),"EG10-EG11-G12") -> EG10-EG11-G12 | F18: =IFERROR(__xludf.DUMMYFUNCTION("""COMPUTED_VALUE"""),"shady.donia@nagwa.com") -> shady.donia@nagwa.com | G18: =IFERROR(__xludf.DUMMYFUNCTION("""COMPUTED_VALUE"""),2.01119117049E11) -> 201119117049
A19: =IFERROR(__xludf.DUMMYFUNCTION("""COMPUTED_VALUE"""),"ملك عليوي") -> ملك عليوي | B19: =IFERROR(__xludf.DUMMYFUNCTION("""COMPUTED_VALUE"""),5.35169041274E11) -> 535169041274 | C19: =IFERROR(__xludf.DUMMYFUNCTION("""COMPUTED_VALUE"""),"ملك عليوي") -> ملك عليوي | D19: =IFERROR(__xludf.DUMMYFUNCTION("""COMPUTED_VALUE"""),"1490") -> 1490 | E19: =IFERROR(__xludf.DUMMYFUNCTION("""COMPUTED_VALUE"""),"EG10-EG11") -> EG10-EG11 | F19: =IFERROR(__xludf.DUMMYFUNCTION("""COMPUTED_VALUE"""),"malak.maliwy@gmail.com") -> malak.maliwy@gmail.com
A20: =IFERROR(__xludf.DUMMYFUNCTION("""COMPUTED_VALUE"""),"عمرو خليل") -> عمرو خليل | B20: =IFERROR(__xludf.DUMMYFUNCTION("""COMPUTED_VALUE"""),8.95194823203E11) -> 895194823203 | C20: =IFERROR(__xludf.DUMMYFUNCTION("""COMPUTED_VALUE"""),"عمرو خليل") -> عمرو خليل | D20: =IFERROR(__xludf.DUMMYFUNCTION("""COMPUTED_VALUE"""),"1779") -> 1779 | F20: =IFERROR(__xludf.DUMMYFUNCTION("""COMPUTED_VALUE"""),"eng.amrkhalil2014@gmail.com") -> eng.amrkhalil2014@gmail.com | G20: =IFERROR(__xludf.DUMMYFUNCTION("""COMPUTED_VALUE"""),2.0114648675E11) -> 201146486750
A21: =IFERROR(__xludf.DUMMYFUNCTION("""COMPUTED_VALUE"""),"أحمد هنداوي") -> أحمد هنداوي | B21: =IFERROR(__xludf.DUMMYFUNCTION("""COMPUTED_VALUE"""),2.3819723036E11) -> 238197230360 | C21: =IFERROR(__xludf.DUMMYFUNCTION("""COMPUTED_VALUE"""),"أحمد هنداوي") -> أحمد هنداوي | D21: =IFERROR(__xludf.DUMMYFUNCTION("""COMPUTED_VALUE"""),"#N/A") -> #N/A | F21: =IFERROR(__xludf.DUMMYFUNCTION("""COMPUTED_VALUE"""),"ahmed.hindawi@nagwa.com") -> ahmed.hindawi@nagwa.com
A22: =IFERROR(__xludf.DUMMYFUNCTION("""COMPUTED_VALUE"""),"عصام عمر") -> عصام عمر | B22: =IFERROR(__xludf.DUMMYFUNCTION("""COMPUTED_VALUE"""),1.42159241646E11) -> 142159241646 | C22: =IFERROR(__xludf.DUMMYFUNCTION("""COMPUTED_VALUE"""),"عصام عمر") -> عصام عمر | D22: =IFERROR(__xludf.DUMMYFUNCTION("""COMPUTED_VALUE"""),"1534") -> 1534 | F22: =IFERROR(__xludf.DUMMYFUNCTION("""COMPUTED_VALUE"""),"essam.omar@nagwa.com") -> essam.omar@nagwa.com | G22: =IFERROR(__xludf.DUMMYFUNCTION("""COMPUTED_VALUE"""),2.01113618461E11) -> 201113618461
A23: =IFERROR(__xludf.DUMMYFUNCTION("""COMPUTED_VALUE"""),"محمد رمضان") -> محمد رمضان | B23: =IFERROR(__xludf.DUMMYFUNCTION("""COMPUTED_VALUE"""),9.4018209041E11) -> 940182090410 | C23: =IFERROR(__xludf.DUMMYFUNCTION("""COMPUTED_VALUE"""),"محمد رمضان") -> محمد رمضان | D23: =IFERROR(__xludf.DUMMYFUNCTION("""COMPUTED_VALUE"""),"575") -> 575 | F23: =IFERROR(__xludf.DUMMYFUNCTION("""COMPUTED_VALUE"""),"mohammed.elsayed.ramadan@nagwa.com") -> mohammed.elsayed.ramadan@nagwa.com | G23: =IFERROR(__xludf.DUMMYFUNCTION("""COMPUTED_VALUE"""),2.01025475475E11) -> 201025475475
A24: =IFERROR(__xludf.DUMMYFUNCTION("""COMPUTED_VALUE"""),"محمد إمام") -> محمد إمام | B24: =IFERROR(__xludf.DUMMYFUNCTION("""COMPUTED_VALUE"""),9.13169734907E11) -> 913169734907 | C24: =IFERROR(__xludf.DUMMYFUNCTION("""COMPUTED_VALUE"""),"محمد إمام") -> محمد إمام | D24: =IFERROR(__xludf.DUMMYFUNCTION("""COMPUTED_VALUE"""),"1759") -> 1759 | E24: =IFERROR(__xludf.DUMMYFUNCTION("""COMPUTED_VALUE"""),"EG10-EG11-G12") -> EG10-EG11-G12
A25: =IFERROR(__xludf.DUMMYFUNCTION("""COMPUTED_VALUE"""),"أحمد ياقوت") -> أحمد ياقوت | B25: =IFERROR(__xludf.DUMMYFUNCTION("""COMPUTED_VALUE"""),2.84105320408E11) -> 284105320408 | C25: =IFERROR(__xludf.DUMMYFUNCTION("""COMPUTED_VALUE"""),"أحمد ياقوت") -> أحمد ياقوت | D25: =IFERROR(__xludf.DUMMYFUNCTION("""COMPUTED_VALUE"""),"1757") -> 1757 | E25: =IFERROR(__xludf.DUMMYFUNCTION("""COMPUTED_VALUE"""),"لم يقبل نظام المحاسبة الجديد والتسجيلات فقرر الاستقالة، فيرجى التواصل معه وتنفيذ إجراءات إنهاء التعاقد وتسليم العهدة") -> لم يقبل نظام المحاسبة الجديد والتسجيلات فقرر الاستقالة، فيرجى التواصل معه وتنفيذ إجراءات إنهاء التعاقد وتسليم العهدة
A26: =IFERROR(__xludf.DUMMYFUNCTION("""COMPUTED_VALUE"""),"مريم حسين") -> مريم حسين | B26: =IFERROR(__xludf.DUMMYFUNCTION("""COMPUTED_VALUE"""),6.95180376491E11) -> 695180376491 | C26: =IFERROR(__xludf.DUMMYFUNCTION("""COMPUTED_VALUE"""),"مريم حسين") -> مريم حسين | D26: =IFERROR(__xludf.DUMMYFUNCTION("""COMPUTED_VALUE"""),"1758") -> 1758 | F26: =IFERROR(__xludf.DUMMYFUNCTION("""COMPUTED_VALUE"""),"mero.mro9@gmail.com") -> mero.mro9@gmail.com
A27: =IFERROR(__xludf.DUMMYFUNCTION("""COMPUTED_VALUE"""),"محمد منصور") -> محمد منصور | B27: =IFERROR(__xludf.DUMMYFUNCTION("""COMPUTED_VALUE"""),5.60135012165E11) -> 560135012165 | C27: =IFERROR(__xludf.DUMMYFUNCTION("""COMPUTED_VALUE"""),"محمد منصور") -> محمد منصور | D27: =IFERROR(__xludf.DUMMYFUNCTION("""COMPUTED_VALUE"""),"1760") -> 1760 | E27: =IFERROR(__xludf.DUMMYFUNCTION("""COMPUTED_VALUE"""),"EG10-EG11-G12") -> EG10-EG11-G12 | F27: =IFERROR(__xludf.DUMMYFUNCTION("""COMPUTED_VALUE"""),"mansourphy@gmail.com") -> mansourphy@gmail.com | G27: =IFERROR(__xludf.DUMMYFUNCTION("""COMPUTED_VALUE"""),2.01069555347E11) -> 201069555347
A28: =IFERROR(__xludf.DUMMYFUNCTION("""COMPUTED_VALUE"""),"محمود أبو المجد") -> محمود أبو المجد | B28: =IFERROR(__xludf.DUMMYFUNCTION("""COMPUTED_VALUE"""),2.7917049757E11) -> 279170497570 | C28: =IFERROR(__xludf.DUMMYFUNCTION("""COMPUTED_VALUE"""),"محمود أبو المجد") -> محمود أبو المجد | D28: =IFERROR(__xludf.DUMMYFUNCTION("""COMPUTED_VALUE"""),"1243") -> 1243 | E28: =IFERROR(__xludf.DUMMYFUNCTION("""COMPUTED_VALUE"""),"EG04-EG05-EG06-G7-جيولوجيا EG12") -> EG04-EG05-EG06-G7-جيولوجيا EG12 | F28: =IFERROR(__xludf.DUMMYFUNCTION("""COMPUTED_VALUE"""),"mahmoud.aboelmagd@nagwa.com") -> mahmoud.aboelmagd@nagwa.com
A29: =IFERROR(__xludf.DUMMYFUNCTION("""COMPUTED_VALUE"""),"أحمد عبد اللطيف") -> أحمد عبد اللطيف | B29: =IFERROR(__xludf.DUMMYFUNCTION("""COMPUTED_VALUE"""),6.24104658072E11) -> 624104658072 | C29: =IFERROR(__xludf.DUMMYFUNCTION("""COMPUTED_VALUE"""),"أحمد عبد اللطيف") -> أحمد عبد اللطيف | D29: =IFERROR(__xludf.DUMMYFUNCTION("""COMPUTED_VALUE"""),"1265") -> 1265 | F29: =IFERROR(__xludf.DUMMYFUNCTION("""COMPUTED_VALUE"""),"ahmed.abdellatif@nagwa.com") -> ahmed.abdellatif@nagwa.com | G29: =IFERROR(__xludf.DUMMYFUNCTION("""COMPUTED_VALUE"""),2.01018842229E11) -> 201018842229
A30: =IFERROR(__xludf.DUMMYFUNCTION("""COMPUTED_VALUE"""),"رامي فاروق") -> رامي فاروق | B30: =IFERROR(__xludf.DUMMYFUNCTION("""COMPUTED_VALUE"""),6.80190738426E11) -> 680190738426 | C30: =IFERROR(__xludf.DUMMYFUNCTION("""COMPUTED_VALUE"""),"رامي فاروق") -> رامي فاروق | D30: =IFERROR(__xludf.DUMMYFUNCTION("""COMPUTED_VALUE"""),"1766") -> 1766 | F30: =IFERROR(__xludf.DUMMYFUNCTION("""COMPUTED_VALUE"""),"ramyfarouk9333@gmail.com") -> ramyfarouk9333@gmail.com | G30: =IFERROR(__xludf.DUMMYFUNCTION("""COMPUTED_VALUE"""),"01224288238") -> 01224288238
A31: =IFERROR(__xludf.DUMMYFUNCTION("""COMPUTED_VALUE"""),"سما الإبراشي") -> سما الإبراشي | B31: =IFERROR(__xludf.DUMMYFUNCTION("""COMPUTED_VALUE"""),1.56154179702E11) -> 156154179702 | C31: =IFERROR(__xludf.DUMMYFUNCTION("""COMPUTED_VALUE"""),"سما الإبراشي") -> سما الإبراشي | D31: =IFERROR(__xludf.DUMMYFUNCTION("""COMPUTED_VALUE"""),"1777") -> 1777 | E31: =IFERROR(__xludf.DUMMYFUNCTION("""COMPUTED_VALUE"""),"EG10-EG11-G12") -> EG10-EG11-G12 | F31: =IFERROR(__xludf.DUMMYFUNCTION("""COMPUTED_VALUE"""),"sama.elberashy@gmail.com") -> sama.elberashy@gmail.com | G31: =IFERROR(__xludf.DUMMYFUNCTION("""COMPUTED_VALUE"""),2.01001344221E11) -> 201001344221
A32: =IFERROR(__xludf.DUMMYFUNCTION("""COMPUTED_VALUE"""),"مينا جاد") -> مينا جاد | B32: =IFERROR(__xludf.DUMMYFUNCTION("""COMPUTED_VALUE"""),8.46101762818E11) -> 846101762818 | C32: =IFERROR(__xludf.DUMMYFUNCTION("""COMPUTED_VALUE"""),"مينا جاد") -> مينا جاد | D32: =IFERROR(__xludf.DUMMYFUNCTION("""COMPUTED_VALUE"""),1781.0) -> 1781
A33: =IFERROR(__xludf.DUMMYFUNCTION("""COMPUTED_VALUE"""),"أحمد حسن") -> أحمد حسن | B33: =IFERROR(__xludf.DUMMYFUNCTION("""COMPUTED_VALUE"""),4.80103238452E11) -> 480103238452 | C33: =IFERROR(__xludf.DUMMYFUNCTION("""COMPUTED_VALUE"""),"أحمد حسن") -> أحمد حسن | D33: =IFERROR(__xludf.DUMMYFUNCTION("""COMPUTED_VALUE"""),"1762") -> 1762 | F33: =IFERROR(__xludf.DUMMYFUNCTION("""COMPUTED_VALUE"""),"ahmedhassan99967@gmail.com") -> ahmedhassan99967@gmail.com | G33: =IFERROR(__xludf.DUMMYFUNCTION("""COMPUTED_VALUE"""),2.01007787118E11) -> 201007787118
A34: =IFERROR(__xludf.DUMMYFUNCTION("""COMPUTED_VALUE"""),"جهاد بدر") -> جهاد بدر | B34: =IFERROR(__xludf.DUMMYFUNCTION("""COMPUTED_VALUE"""),5.24151240185E11) -> 524151240185 | C34: =IFERROR(__xludf.DUMMYFUNCTION("""COMPUTED_VALUE"""),"جهاد بدر") -> جهاد بدر | D34: =IFERROR(__xludf.DUMMYFUNCTION("""COMPUTED_VALUE"""),"1786") -> 1786 | F34: =IFERROR(__xludf.DUMMYFUNCTION("""COMPUTED_VALUE"""),"gehadbadr89@gmail.com") -> gehadbadr89@gmail.com | G34: =IFERROR(__xludf.DUMMYFUNCTION("""COMPUTED_VALUE"""),"01090297182") -> 01090297182
A35: =IFERROR(__xludf.DUMMYFUNCTION("""COMPUTED_VALUE"""),"طارق سليم") -> طارق سليم | B35: =IFERROR(__xludf.DUMMYFUNCTION("""COMPUTED_VALUE"""),3.79176206354E11) -> 379176206354 | C35: =IFERROR(__xludf.DUMMYFUNCTION("""COMPUTED_VALUE"""),"طارق سليم") -> طارق سليم | D35: =IFERROR(__xludf.DUMMYFUNCTION("""COMPUTED_VALUE"""),"1778") -> 1778 | F35: =IFERROR(__xludf.DUMMYFUNCTION("""COMPUTED_VALUE"""),"tareksleem606@gmail.com") -> tareksleem606@gmail.com | G35: =IFERROR(__xludf.DUMMYFUNCTION("""COMPUTED_VALUE"""),2.01001599199E11) -> 201001599199
A36: =IFERROR(__xludf.DUMMYFUNCTION("""COMPUTED_VALUE"""),"أحمد علاء") -> أحمد علاء | B36: =IFERROR(__xludf.DUMMYFUNCTION("""COMPUTED_VALUE"""),3.52179823813E11) -> 352179823813 | C36: =IFERROR(__xludf.DUMMYFUNCTION("""COMPUTED_VALUE"""),"أحمد علاء") -> أحمد علاء | D36: =IFERROR(__xludf.DUMMYFUNCTION("""COMPUTED_VALUE"""),"1765") -> 1765 | F36: =IFERROR(__xludf.DUMMYFUNCTION("""COMPUTED_VALUE"""),"aassllyyaa68@gmail.com") -> aassllyyaa68@gmail.com
A37: =IFERROR(__xludf.DUMMYFUNCTION("""COMPUTED_VALUE"""),"أحمد عاطف") -> أحمد عاطف | B37: =IFERROR(__xludf.DUMMYFUNCTION("""COMPUTED_VALUE"""),3.08137598241E11) -> 308137598241 | C37: =IFERROR(__xludf.DUMMYFUNCTION("""COMPUTED_VALUE"""),"أحمد عاطف") -> أحمد عاطف | D37: =IFERROR(__xludf.DUMMYFUNCTION("""COMPUTED_VALUE"""),"1775") -> 1775 | F37: =IFERROR(__xludf.DUMMYFUNCTION("""COMPUTED_VALUE"""),"ahmedatef386@gmail.com") -> ahmedatef386@gmail.com | G37: =IFERROR(__xludf.DUMMYFUNCTION("""COMPUTED_VALUE"""),2.01098614126E11) -> 201098614126
A38: =IFERROR(__xludf.DUMMYFUNCTION("""COMPUTED_VALUE"""),"محمد عصام") -> محمد عصام | B38: =IFERROR(__xludf.DUMMYFUNCTION("""COMPUTED_VALUE"""),5.92179807615E11) -> 592179807615 | C38: =IFERROR(__xludf.DUMMYFUNCTION("""COMPUTED_VALUE"""),"محمد عصام") -> محمد عصام | D38: =IFERROR(__xludf.DUMMYFUNCTION("""COMPUTED_VALUE"""),"1277") -> 1277 | E38: =IFERROR(__xludf.DUMMYFUNCTION("""COMPUTED_VALUE"""),"EG07-EG08-EG09") -> EG07-EG08-EG09 | F38: =IFERROR(__xludf.DUMMYFUNCTION("""COMPUTED_VALUE"""),"modares2525@gmail.com") -> modares2525@gmail.com | G38: =IFERROR(__xludf.DUMMYFUNCTION("""COMPUTED_VALUE"""),2.01116153885E11) -> 201116153885
A39: =IFERROR(__xludf.DUMMYFUNCTION("""COMPUTED_VALUE"""),"وائل سلطان") -> وائل سلطان | B39: =IFERROR(__xludf.DUMMYFUNCTION("""COMPUTED_VALUE"""),4.15194597216E11) -> 415194597216 | C39: =IFERROR(__xludf.DUMMYFUNCTION("""COMPUTED_VALUE"""),"وائل سلطان") -> وائل سلطان | D39: =IFERROR(__xludf.DUMMYFUNCTION("""COMPUTED_VALUE"""),"1787") -> 1787 | F39: =IFERROR(__xludf.DUMMYFUNCTION("""COMPUTED_VALUE"""),"abomahmoudsoultan@gmail.com") -> abomahmoudsoultan@gmail.com | G39: =IFERROR(__xludf.DUMMYFUNCTION("""COMPUTED_VALUE"""),"00201153335900") -> 00201153335900
A40: =IFERROR(__xludf.DUMMYFUNCTION("""COMPUTED_VALUE"""),"أندرو ثروت") -> أندرو ثروت | B40: =IFERROR(__xludf.DUMMYFUNCTION("""COMPUTED_VALUE"""),4.17127195646E11) -> 417127195646 | C40: =IFERROR(__xludf.DUMMYFUNCTION("""COMPUTED_VALUE"""),"أندرو ثروت") -> أندرو ثروت | D40: =IFERROR(__xludf.DUMMYFUNCTION("""COMPUTED_VALUE"""),"1788") -> 1788 | E40: =IFERROR(__xludf.DUMMYFUNCTION("""COMPUTED_VALUE"""),"EG07-EG08-EG09") -> EG07-EG08-EG09 | F40: =IFERROR(__xludf.DUMMYFUNCTION("""COMPUTED_VALUE"""),"andrewtharwatfikry@gmail.com") -> andrewtharwatfikry@gmail.com | G40: =IFERROR(__xludf.DUMMYFUNCTION("""COMPUTED_VALUE"""),"01205947696") -> 01205947696
A41: =IFERROR(__xludf.DUMMYFUNCTION("""COMPUTED_VALUE"""),"أحمد علام") -> أحمد علام | B41: =IFERROR(__xludf.DUMMYFUNCTION("""COMPUTED_VALUE"""),4.92145757573E11) -> 492145757573 | C41: =IFERROR(__xludf.DUMMYFUNCTION("""COMPUTED_VALUE"""),"أحمد علام") -> أحمد علام | D41: =IFERROR(__xludf.DUMMYFUNCTION("""COMPUTED_VALUE"""),"1789") -> 1789 | E41: =IFERROR(__xludf.DUMMYFUNCTION("""COMPUTED_VALUE"""),"اعتذر عن فصول المراجعة وفصول الترم الثاني لضغط العمل، وسيستقيل. EG07-EG08-EG09-EG10-EG11-EG12") -> اعتذر عن فصول المراجعة وفصول الترم الثاني لضغط العمل، وسيستقيل. EG07-EG08-EG09-EG10-EG11-EG12
A42: =IFERROR(__xludf.DUMMYFUNCTION("""COMPUTED_VALUE"""),"هبة عادل") -> هبة عادل | B42: =IFERROR(__xludf.DUMMYFUNCTION("""COMPUTED_VALUE"""),3.68106936162E11) -> 368106936162 | C42: =IFERROR(__xludf.DUMMYFUNCTION("""COMPUTED_VALUE"""),"هبة عادل") -> هبة عادل | D42: =IFERROR(__xludf.DUMMYFUNCTION("""COMPUTED_VALUE"""),"1794") -> 1794 | F42: =IFERROR(__xludf.DUMMYFUNCTION("""COMPUTED_VALUE"""),"hebaadel19952@gmail.com") -> hebaadel19952@gmail.com | G42: =IFERROR(__xludf.DUMMYFUNCTION("""COMPUTED_VALUE"""),2.01094446118E11) -> 201094446118
A43: =IFERROR(__xludf.DUMMYFUNCTION("""COMPUTED_VALUE"""),"أحمد الأمير") -> أحمد الأمير | B43: =IFERROR(__xludf.DUMMYFUNCTION("""COMPUTED_VALUE"""),1.96184054323E11) -> 196184054323 | C43: =IFERROR(__xludf.DUMMYFUNCTION("""COMPUTED_VALUE"""),"أحمد الأمير") -> أحمد الأمير | D43: =IFERROR(__xludf.DUMMYFUNCTION("""COMPUTED_VALUE"""),"1812") -> 1812 | E43: =IFERROR(__xludf.DUMMYFUNCTION("""COMPUTED_VALUE"""),"EG10-EG11-EG12") -> EG10-EG11-EG12 | F43: =IFERROR(__xludf.DUMMYFUNCTION("""COMPUTED_VALUE"""),"alamir62@yahoo.com") -> alamir62@yahoo.com | G43: =IFERROR(__xludf.DUMMYFUNCTION("""COMPUTED_VALUE"""),"20 1001082530") -> 20 1001082530
A44: =IFERROR(__xludf.DUMMYFUNCTION("""COMPUTED_VALUE"""),"رضا سلامة") -> رضا سلامة | B44: =IFERROR(__xludf.DUMMYFUNCTION("""COMPUTED_VALUE"""),7.30108091781E11) -> 730108091781 | C44: =IFERROR(__xludf.DUMMYFUNCTION("""COMPUTED_VALUE"""),"رضا سلامة") -> رضا سلامة | D44: =IFERROR(__xludf.DUMMYFUNCTION("""COMPUTED_VALUE"""),"1816") -> 1816 | F44: =IFERROR(__xludf.DUMMYFUNCTION("""COMPUTED_VALUE"""),"rsalama4569@gmail.com") -> rsalama4569@gmail.com | G44: =IFERROR(__xludf.DUMMYFUNCTION("""COMPUTED_VALUE"""),1.223356596E9) -> 1223356596
A45: =IFERROR(__xludf.DUMMYFUNCTION("""COMPUTED_VALUE"""),"محمد صفوت") -> محمد صفوت | B45: =IFERROR(__xludf.DUMMYFUNCTION("""COMPUTED_VALUE"""),8.54101526124E11) -> 854101526124 | C45: =IFERROR(__xludf.DUMMYFUNCTION("""COMPUTED_VALUE"""),"محمد صفوت") -> محمد صفوت | D45: =IFERROR(__xludf.DUMMYFUNCTION("""COMPUTED_VALUE"""),"1817") -> 1817 | E45: =IFERROR(__xludf.DUMMYFUNCTION("""COMPUTED_VALUE"""),"EG07-EG08-EG09-EG10-EG11-EG12") -> EG07-EG08-EG09-EG10-EG11-EG12 | F45: =IFERROR(__xludf.DUMMYFUNCTION("""COMPUTED_VALUE"""),"melbasel101@gmail.com") -> melbasel101@gmail.com
A46: =IFERROR(__xludf.DUMMYFUNCTION("""COMPUTED_VALUE"""),"هالة محمد") -> هالة محمد | B46: =IFERROR(__xludf.DUMMYFUNCTION("""COMPUTED_VALUE"""),2.07145893968E11) -> 207145893968 | C46: =IFERROR(__xludf.DUMMYFUNCTION("""COMPUTED_VALUE"""),"هالة محمد") -> هالة محمد | D46: =IFERROR(__xludf.DUMMYFUNCTION("""COMPUTED_VALUE"""),"1826") -> 1826 | E46: =IFERROR(__xludf.DUMMYFUNCTION("""COMPUTED_VALUE"""),"EG04-EG05-EG06") -> EG04-EG05-EG06 | F46: =IFERROR(__xludf.DUMMYFUNCTION("""COMPUTED_VALUE"""),"mhala5855@gmail.com") -> mhala5855@gmail.com
A47: =IFERROR(__xludf.DUMMYFUNCTION("""COMPUTED_VALUE"""),"نورهان المليجي") -> نورهان المليجي | B47: =IFERROR(__xludf.DUMMYFUNCTION("""COMPUTED_VALUE"""),7.03170132053E11) -> 703170132053 | C47: =IFERROR(__xludf.DUMMYFUNCTION("""COMPUTED_VALUE"""),"نورهان المليجي") -> نورهان المليجي | D47: =IFERROR(__xludf.DUMMYFUNCTION("""COMPUTED_VALUE"""),"1849") -> 1849 | E47: =IFERROR(__xludf.DUMMYFUNCTION("""COMPUTED_VALUE"""),"EG04-EG05-EG06-EG07-EG08-EG09") -> EG04-EG05-EG06-EG07-EG08-EG09 | F47: =IFERROR(__xludf.DUMMYFUNCTION("""COMPUTED_VALUE"""),"noraalmiligy@gmail.com") -> noraalmiligy@gmail.com | G47: =IFERROR(__xludf.DUMMYFUNCTION("""COMPUTED_VALUE"""),1.144280921E9) -> 1144280921
A48: =IFERROR(__xludf.DUMMYFUNCTION("""COMPUTED_VALUE"""),"نهى علاء") -> نهى علاء | B48: =IFERROR(__xludf.DUMMYFUNCTION("""COMPUTED_VALUE"""),8.1219575405E11) -> 812195754050 | C48: =IFERROR(__xludf.DUMMYFUNCTION("""COMPUTED_VALUE"""),"نهى علاء") -> نهى علاء | D48: =IFERROR(__xludf.DUMMYFUNCTION("""COMPUTED_VALUE"""),"1857") -> 1857
A49: =IFERROR(__xludf.DUMMYFUNCTION("""COMPUTED_VALUE"""),"سلمى الليثي") -> سلمى الليثي | B49: =IFERROR(__xludf.DUMMYFUNCTION("""COMPUTED_VALUE"""),3.06185372078E11) -> 306185372078 | C49: =IFERROR(__xludf.DUMMYFUNCTION("""COMPUTED_VALUE"""),"سلمى الليثي") -> سلمى الليثي | D49: =IFERROR(__xludf.DUMMYFUNCTION("""COMPUTED_VALUE"""),"1843") -> 1843 | F49: =IFERROR(__xludf.DUMMYFUNCTION("""COMPUTED_VALUE"""),"salmaellaithy96@gmail.com") -> salmaellaithy96@gmail.com | G49: =IFERROR(__xludf.DUMMYFUNCTION("""COMPUTED_VALUE"""),"01099069950") -> 01099069950
A50: =IFERROR(__xludf.DUMMYFUNCTION("""COMPUTED_VALUE"""),"زينب حسن") -> زينب حسن | B50: =IFERROR(__xludf.DUMMYFUNCTION("""COMPUTED_VALUE"""),5.02168410424E11) -> 502168410424 | C50: =IFERROR(__xludf.DUMMYFUNCTION("""COMPUTED_VALUE"""),"زينب حسن") -> زينب حسن | D50: =IFERROR(__xludf.DUMMYFUNCTION("""COMPUTED_VALUE"""),"1844") -> 1844 | F50: =IFERROR(__xludf.DUMMYFUNCTION("""COMPUTED_VALUE"""),"zeinabslime1987@gmail.com") -> zeinabslime1987@gmail.com | G50: =IFERROR(__xludf.DUMMYFUNCTION("""COMPUTED_VALUE"""),"01157488697") -> 01157488697
A51: =IFERROR(__xludf.DUMMYFUNCTION("""COMPUTED_VALUE"""),"إحسان طاهر") -> إحسان طاهر | B51: =IFERROR(__xludf.DUMMYFUNCTION("""COMPUTED_VALUE"""),9.86159246809E11) -> 986159246809 | C51: =IFERROR(__xludf.DUMMYFUNCTION("""COMPUTED_VALUE"""),"إحسان طاهر") -> إحسان طاهر | D51: =IFERROR(__xludf.DUMMYFUNCTION("""COMPUTED_VALUE"""),"1859") -> 1859 | E51: =IFERROR(__xludf.DUMMYFUNCTION("""COMPUTED_VALUE"""),"EG07-EG08-EG09") -> EG07-EG08-EG09 | F51: =IFERROR(__xludf.DUMMYFUNCTION("""COMPUTED_VALUE"""),"toka.karim22@gmail.com") -> toka.karim22@gmail.com | G51: =IFERROR(__xludf.DUMMYFUNCTION("""COMPUTED_VALUE"""),"01011609935") -> 01011609935
A52: =IFERROR(__xludf.DUMMYFUNCTION("""COMPUTED_VALUE"""),"زهراء صابر") -> زهراء صابر | B52: =IFERROR(__xludf.DUMMYFUNCTION("""COMPUTED_VALUE"""),9.80198527154E11) -> 980198527154 | C52: =IFERROR(__xludf.DUMMYFUNCTION("""COMPUTED_VALUE"""),"زهراء صابر") -> زهراء صابر | D52: =IFERROR(__xludf.DUMMYFUNCTION("""COMPUTED_VALUE"""),"1851") -> 1851 | E52: =IFERROR(__xludf.DUMMYFUNCTION("""COMPUTED_VALUE"""),"EG07-EG08-EG09") -> EG07-EG08-EG09 | F52: =IFERROR(__xludf.DUMMYFUNCTION("""COMPUTED_VALUE"""),"zahraasawy@gmail.com") -> zahraasawy@gmail.com | G52: =IFERROR(__xludf.DUMMYFUNCTION("""COMPUTED_VALUE"""),"01146935411") -> 01146935411
A53: =IFERROR(__xludf.DUMMYFUNCTION("""COMPUTED_VALUE"""),"سامح محمود") -> سامح محمود | B53: =IFERROR(__xludf.DUMMYFUNCTION("""COMPUTED_VALUE"""),4.93132436783E11) -> 493132436783 | C53: =IFERROR(__xludf.DUMMYFUNCTION("""COMPUTED_VALUE"""),"سامح محمود") -> سامح محمود | D53: =IFERROR(__xludf.DUMMYFUNCTION("""COMPUTED_VALUE"""),"1847") -> 1847 | F53: =IFERROR(__xludf.DUMMYFUNCTION("""COMPUTED_VALUE"""),"mathteacher37age@gmail.com") -> mathteacher37age@gmail.com | G53: =IFERROR(__xludf.DUMMYFUNCTION("""COMPUTED_VALUE"""),"01068212833") -> 01068212833
A54: =IFERROR(__xludf.DUMMYFUNCTION("""COMPUTED_VALUE"""),"أحمد عزب") -> أحمد عزب | B54: =IFERROR(__xludf.DUMMYFUNCTION("""COMPUTED_VALUE"""),4.90182879383E11) -> 490182879383 | C54: =IFERROR(__xludf.DUMMYFUNCTION("""COMPUTED_VALUE"""),"أحمد عزب") -> أحمد عزب | D54: =IFERROR(__xludf.DUMMYFUNCTION("""COMPUTED_VALUE"""),"1848") -> 1848 | F54: =IFERROR(__xludf.DUMMYFUNCTION("""COMPUTED_VALUE"""),"ahmad.azaba@yahoo.com") -> ahmad.azaba@yahoo.com | G54: =IFERROR(__xludf.DUMMYFUNCTION("""COMPUTED_VALUE"""),"01154891562") -> 01154891562
A55: =IFERROR(__xludf.DUMMYFUNCTION("""COMPUTED_VALUE"""),"بثينة طه") -> بثينة طه | B55: =IFERROR(__xludf.DUMMYFUNCTION("""COMPUTED_VALUE"""),8.7010213251E11) -> 870102132510 | C55: =IFERROR(__xludf.DUMMYFUNCTION("""COMPUTED_VALUE"""),"بثينة طه") -> بثينة طه | D55: =IFERROR(__xludf.DUMMYFUNCTION("""COMPUTED_VALUE"""),"1858") -> 1858 | F55: =IFERROR(__xludf.DUMMYFUNCTION("""COMPUTED_VALUE"""),"bosyt40@gmail.com") -> bosyt40@gmail.com | G55: =IFERROR(__xludf.DUMMYFUNCTION("""COMPUTED_VALUE"""),"01142417157") -> 01142417157
A56: =IFERROR(__xludf.DUMMYFUNCTION("""COMPUTED_VALUE"""),"طلعت أحمد") -> طلعت أحمد | B56: =IFERROR(__xludf.DUMMYFUNCTION("""COMPUTED_VALUE"""),5.18185761828E11) -> 518185761828 | C56: =IFERROR(__xludf.DUMMYFUNCTION("""COMPUTED_VALUE"""),"طلعت أحمد") -> طلعت أحمد | D56: =IFERROR(__xludf.DUMMYFUNCTION("""COMPUTED_VALUE"""),1850.0) -> 1850
A57: =IFERROR(__xludf.DUMMYFUNCTION("""COMPUTED_VALUE"""),"إيمان محمود") -> إيمان محمود | B57: =IFERROR(__xludf.DUMMYFUNCTION("""COMPUTED_VALUE"""),1.37198142829E11) -> 137198142829 | C57: =IFERROR(__xludf.DUMMYFUNCTION("""COMPUTED_VALUE"""),"إيمان محمود") -> إيمان محمود | D57: =IFERROR(__xludf.DUMMYFUNCTION("""COMPUTED_VALUE"""),1840.0) -> 1840 | E57: =IFERROR(__xludf.DUMMYFUNCTION("""COMPUTED_VALUE"""),"EG04-EG05-EG06") -> EG04-EG05-EG06 | F57: =IFERROR(__xludf.DUMMYFUNCTION("""COMPUTED_VALUE"""),"imaneabada@gmail.com") -> imaneabada@gmail.com | G57: =IFERROR(__xludf.DUMMYFUNCTION("""COMPUTED_VALUE"""),"01005729272") -> 01005729272
A58: =IFERROR(__xludf.DUMMYFUNCTION("""COMPUTED_VALUE"""),"جمال مصطفى") -> جمال مصطفى | B58: =IFERROR(__xludf.DUMMYFUNCTION("""COMPUTED_VALUE"""),4.59127286142E11) -> 459127286142 | C58: =IFERROR(__xludf.DUMMYFUNCTION("""COMPUTED_VALUE"""),"جمال مصطفى") -> جمال مصطفى | D58: =IFERROR(__xludf.DUMMYFUNCTION("""COMPUTED_VALUE"""),"1862") -> 1862 | F58: =IFERROR(__xludf.DUMMYFUNCTION("""COMPUTED_VALUE"""),"gamal.amer86@hotmail.com") -> gamal.amer86@hotmail.com
A59: =IFERROR(__xludf.DUMMYFUNCTION("""COMPUTED_VALUE"""),"مينا ميلاد") -> مينا ميلاد | B59: =IFERROR(__xludf.DUMMYFUNCTION("""COMPUTED_VALUE"""),5.80165926053E11) -> 580165926053 | C59: =IFERROR(__xludf.DUMMYFUNCTION("""COMPUTED_VALUE"""),"مينا ميلاد") -> مينا ميلاد | D59: =IFERROR(__xludf.DUMMYFUNCTION("""COMPUTED_VALUE"""),"1845") -> 1845 | F59: =IFERROR(__xludf.DUMMYFUNCTION("""COMPUTED_VALUE"""),"yostos.mina@gmail.com") -> yostos.mina@gmail.com | G59: =IFERROR(__xludf.DUMMYFUNCTION("""COMPUTED_VALUE"""),"01220683047") -> 01220683047
A60: =IFERROR(__xludf.DUMMYFUNCTION("""COMPUTED_VALUE"""),"أحمد يحيى") -> أحمد يحيى | B60: =IFERROR(__xludf.DUMMYFUNCTION("""COMPUTED_VALUE"""),6.36182508414E11) -> 636182508414 | C60: =IFERROR(__xludf.DUMMYFUNCTION("""COMPUTED_VALUE"""),"أحمد يحيى") -> أحمد يحيى | D60: =IFERROR(__xludf.DUMMYFUNCTION("""COMPUTED_VALUE"""),"1846") -> 1846
A61: =IFERROR(__xludf.DUMMYFUNCTION("""COMPUTED_VALUE"""),"ماجدة محمد") -> ماجدة محمد | B61: =IFERROR(__xludf.DUMMYFUNCTION("""COMPUTED_VALUE"""),9.73132386263E11) -> 973132386263 | C61: =IFERROR(__xludf.DUMMYFUNCTION("""COMPUTED_VALUE"""),"ماجدة محمد") -> ماجدة محمد | D61: =IFERROR(__xludf.DUMMYFUNCTION("""COMPUTED_VALUE"""),"1798") -> 1798 | F61: =IFERROR(__xludf.DUMMYFUNCTION("""COMPUTED_VALUE"""),"magdaharidy96@gmail.com") -> magdaharidy96@gmail.com | G61: =IFERROR(__xludf.DUMMYFUNCTION("""COMPUTED_VALUE"""),"01011902047") -> 01011902047
A62: =IFERROR(__xludf.DUMMYFUNCTION("""COMPUTED_VALUE"""),"نهى بسيوني") -> نهى بسيوني | B62: =IFERROR(__xludf.DUMMYFUNCTION("""COMPUTED_VALUE"""),7.36126951732E11) -> 736126951732 | C62: =IFERROR(__xludf.DUMMYFUNCTION("""COMPUTED_VALUE"""),"نهى بسيوني") -> نهى بسيوني | D62: =IFERROR(__xludf.DUMMYFUNCTION("""COMPUTED_VALUE"""),"1827") -> 1827 | F62: =IFERROR(__xludf.DUMMYFUNCTION("""COMPUTED_VALUE"""),"nohabasuni@yahoo.com") -> nohabasuni@yahoo.com | G62: =IFERROR(__xludf.DUMMYFUNCTION("""COMPUTED_VALUE"""),"01016605503") -> 01016605503
A63: =IFERROR(__xludf.DUMMYFUNCTION("""COMPUTED_VALUE"""),"أماني علام") -> أماني علام | B63: =IFERROR(__xludf.DUMMYFUNCTION("""COMPUTED_VALUE"""),3.08176953497E11) -> 308176953497 | C63: =IFERROR(__xludf.DUMMYFUNCTION("""COMPUTED_VALUE"""),"أماني علام") -> أماني علام | D63: =IFERROR(__xludf.DUMMYFUNCTION("""COMPUTED_VALUE"""),"1839") -> 1839 | F63: =IFERROR(__xludf.DUMMYFUNCTION("""COMPUTED_VALUE"""),"amany.allam7@gmail.com") -> amany.allam7@gmail.com
A64: =IFERROR(__xludf.DUMMYFUNCTION("""COMPUTED_VALUE"""),"رضوى صبري") -> رضوى صبري | B64: =IFERROR(__xludf.DUMMYFUNCTION("""COMPUTED_VALUE"""),1.94141237816E11) -> 194141237816 | C64: =IFERROR(__xludf.DUMMYFUNCTION("""COMPUTED_VALUE"""),"رضوى صبري") -> رضوى صبري | D64: =IFERROR(__xludf.DUMMYFUNCTION("""COMPUTED_VALUE"""),"1841") -> 1841 | E64: =IFERROR(__xludf.DUMMYFUNCTION("""COMPUTED_VALUE"""),"She won't be with us in the 2nd term.") -> She won't be with us in the 2nd term.
A65: =IFERROR(__xludf.DUMMYFUNCTION("""COMPUTED_VALUE"""),"محمد عباس") -> محمد عباس | B65: =IFERROR(__xludf.DUMMYFUNCTION("""COMPUTED_VALUE"""),5.95148942145E11) -> 595148942145 | C65: =IFERROR(__xludf.DUMMYFUNCTION("""COMPUTED_VALUE"""),"محمد عباس") -> محمد عباس | D65: =IFERROR(__xludf.DUMMYFUNCTION("""COMPUTED_VALUE"""),"1853") -> 1853 | F65: =IFERROR(__xludf.DUMMYFUNCTION("""COMPUTED_VALUE"""),"elzehiry96@gmail.com") -> elzehiry96@gmail.com
A66: =IFERROR(__xludf.DUMMYFUNCTION("""COMPUTED_VALUE"""),"حسام حسين") -> حسام حسين | B66: =IFERROR(__xludf.DUMMYFUNCTION("""COMPUTED_VALUE"""),4.37189298603E11) -> 437189298603 | C66: =IFERROR(__xludf.DUMMYFUNCTION("""COMPUTED_VALUE"""),"حسام حسين") -> حسام حسين | D66: =IFERROR(__xludf.DUMMYFUNCTION("""COMPUTED_VALUE"""),"1863") -> 1863 | E66: =IFERROR(__xludf.DUMMYFUNCTION("""COMPUTED_VALUE"""),"G11-G12") -> G11-G12
A67: =IFERROR(__xludf.DUMMYFUNCTION("""COMPUTED_VALUE"""),"هبة الله عادل") -> هبة الله عادل | B67: =IFERROR(__xludf.DUMMYFUNCTION("""COMPUTED_VALUE"""),2.43147538572E11) -> 243147538572 | C67: =IFERROR(__xludf.DUMMYFUNCTION("""COMPUTED_VALUE"""),"هبة الله عادل") -> هبة الله عادل | D67: =IFERROR(__xludf.DUMMYFUNCTION("""COMPUTED_VALUE"""),"1866") -> 1866 | F67: =IFERROR(__xludf.DUMMYFUNCTION("""COMPUTED_VALUE"""),"hebaadel1795@gmail.com") -> hebaadel1795@gmail.com | G67: =IFERROR(__xludf.DUMMYFUNCTION("""COMPUTED_VALUE"""),"01159608979") -> 01159608979
A68: =IFERROR(__xludf.DUMMYFUNCTION("""COMPUTED_VALUE"""),"أحمد النشار") -> أحمد النشار | B68: =IFERROR(__xludf.DUMMYFUNCTION("""COMPUTED_VALUE"""),8.53142059206E11) -> 853142059206 | C68: =IFERROR(__xludf.DUMMYFUNCTION("""COMPUTED_VALUE"""),"أحمد النشار") -> أحمد النشار | D68: =IFERROR(__xludf.DUMMYFUNCTION("""COMPUTED_VALUE"""),"1870") -> 1870 | F68: =IFERROR(__xludf.DUMMYFUNCTION("""COMPUTED_VALUE"""),"dr.nashar1x@gmail.com") -> dr.nashar1x@gmail.com
A69: =IFERROR(__xludf.DUMMYFUNCTION("""COMPUTED_VALUE"""),"داليا حسين") -> داليا حسين | B69: =IFERROR(__xludf.DUMMYFUNCTION("""COMPUTED_VALUE"""),2.87167641716E11) -> 287167641716 | C69: =IFERROR(__xludf.DUMMYFUNCTION("""COMPUTED_VALUE"""),"داليا حسين") -> داليا حسين | D69: =IFERROR(__xludf.DUMMYFUNCTION("""COMPUTED_VALUE"""),"1865") -> 1865 | E69: =IFERROR(__xludf.DUMMYFUNCTION("""COMPUTED_VALUE"""),"EG10-EG11-G12") -> EG10-EG11-G12 | F69: =IFERROR(__xludf.DUMMYFUNCTION("""COMPUTED_VALUE"""),"daliahussein999@gmail.com") -> daliahussein999@gmail.com
A70: =IFERROR(__xludf.DUMMYFUNCTION("""COMPUTED_VALUE"""),"إبراهيم الطراوي") -> إبراهيم الطراوي | B70: =IFERROR(__xludf.DUMMYFUNCTION("""COMPUTED_VALUE"""),5.98191375412E11) -> 598191375412 | C70: =IFERROR(__xludf.DUMMYFUNCTION("""COMPUTED_VALUE"""),"إبراهيم الطراوي") -> إبراهيم الطراوي | D70: =IFERROR(__xludf.DUMMYFUNCTION("""COMPUTED_VALUE"""),"1869") -> 1869 | E70: =IFERROR(__xludf.DUMMYFUNCTION("""COMPUTED_VALUE"""),"EG04-EG05-EG06-EG07-EG08-EG09") -> EG04-EG05-EG06-EG07-EG08-EG09 | F70: =IFERROR(__xludf.DUMMYFUNCTION("""COMPUTED_VALUE"""),"ibrahim.altrawey@gmail.com") -> ibrahim.altrawey@gmail.com | G70: =IFERROR(__xludf.DUMMYFUNCTION("""COMPUTED_VALUE"""),"01228286453") -> 01228286453
A71: =IFERROR(__xludf.DUMMYFUNCTION("""COMPUTED_VALUE"""),"أحمد عبد العظيم") -> أحمد عبد العظيم | B71: =IFERROR(__xludf.DUMMYFUNCTION("""COMPUTED_VALUE"""),5.30148208342E11) -> 530148208342 | C71: =IFERROR(__xludf.DUMMYFUNCTION("""COMPUTED_VALUE"""),"أحمد عبد العظيم") -> أحمد عبد العظيم | D71: =IFERROR(__xludf.DUMMYFUNCTION("""COMPUTED_VALUE"""),"1868") -> 1868 | F71: =IFERROR(__xludf.DUMMYFUNCTION("""COMPUTED_VALUE"""),"ahmedsayed121292@gmail.com") -> ahmedsayed121292@gmail.com | G71: =IFERROR(__xludf.DUMMYFUNCTION("""COMPUTED_VALUE"""),1.111733923E9) -> 1111733923
A72: =IFERROR(__xludf.DUMMYFUNCTION("""COMPUTED_VALUE"""),"آلاء هشام") -> آلاء هشام | B72: =IFERROR(__xludf.DUMMYFUNCTION("""COMPUTED_VALUE"""),5.35169279095E11) -> 535169279095 | C72: =IFERROR(__xludf.DUMMYFUNCTION("""COMPUTED_VALUE"""),"آلاء هشام") -> آلاء هشام | D72: =IFERROR(__xludf.DUMMYFUNCTION("""COMPUTED_VALUE"""),"1861") -> 1861 | E72: =IFERROR(__xludf.DUMMYFUNCTION("""COMPUTED_VALUE"""),"EG07-EG08-EG09") -> EG07-EG08-EG09 | F72: =IFERROR(__xludf.DUMMYFUNCTION("""COMPUTED_VALUE"""),"alaahesham492@gmail.com") -> alaahesham492@gmail.com | G72: =IFERROR(__xludf.DUMMYFUNCTION("""COMPUTED_VALUE"""),"01204537345") -> 01204537345
A73: =IFERROR(__xludf.DUMMYFUNCTION("""COMPUTED_VALUE"""),"بيشوي وديع") -> بيشوي وديع | B73: =IFERROR(__xludf.DUMMYFUNCTION("""COMPUTED_VALUE"""),1.65178526464E11) -> 165178526464 | C73: =IFERROR(__xludf.DUMMYFUNCTION("""COMPUTED_VALUE"""),"بيشوي وديع") -> بيشوي وديع | D73: =IFERROR(__xludf.DUMMYFUNCTION("""COMPUTED_VALUE"""),"1867") -> 1867 | E73: =IFERROR(__xludf.DUMMYFUNCTION("""COMPUTED_VALUE"""),"EG10-EG11-G12") -> EG10-EG11-G12 | F73: =IFERROR(__xludf.DUMMYFUNCTION("""COMPUTED_VALUE"""),"bishoywadea.7@gmail.com") -> bishoywadea.7@gmail.com | G73: =IFERROR(__xludf.DUMMYFUNCTION("""COMPUTED_VALUE"""),"01220405245") -> 01220405245
A74: =IFERROR(__xludf.DUMMYFUNCTION("""COMPUTED_VALUE"""),"جوزيف إميل") -> جوزيف إميل | B74: =IFERROR(__xludf.DUMMYFUNCTION("""COMPUTED_VALUE"""),2.06152939465E11) -> 206152939465 | C74: =IFERROR(__xludf.DUMMYFUNCTION("""COMPUTED_VALUE"""),"جوزيف إميل") -> جوزيف إميل | D74: =IFERROR(__xludf.DUMMYFUNCTION("""COMPUTED_VALUE"""),"1864") -> 1864 | E74: =IFERROR(__xludf.DUMMYFUNCTION("""COMPUTED_VALUE"""),"G11-G12") -> G11-G12 | F74: =IFERROR(__xludf.DUMMYFUNCTION("""COMPUTED_VALUE"""),"josephemil.jojo@gmail.com") -> josephemil.jojo@gmail.com | G74: =IFERROR(__xludf.DUMMYFUNCTION("""COMPUTED_VALUE"""),"+201228157318") -> +201228157318
A75: =IFERROR(__xludf.DUMMYFUNCTION("""COMPUTED_VALUE"""),"سارة لطفي") -> سارة لطفي | B75: =IFERROR(__xludf.DUMMYFUNCTION("""COMPUTED_VALUE"""),3.57195672504E11) -> 357195672504 | C75: =IFERROR(__xludf.DUMMYFUNCTION("""COMPUTED_VALUE"""),"سارة لطفي") -> سارة لطفي | D75: =IFERROR(__xludf.DUMMYFUNCTION("""COMPUTED_VALUE"""),"1860") -> 1860 | F75: =IFERROR(__xludf.DUMMYFUNCTION("""COMPUTED_VALUE"""),"sarahelfeqy757@gmail.com") -> sarahelfeqy757@gmail.com | G75: =IFERROR(__xludf.DUMMYFUNCTION("""COMPUTED_VALUE"""),"01025935755") -> 01025935755
A76: =IFERROR(__xludf.DUMMYFUNCTION("""COMPUTED_VALUE"""),"رحاب توفيق") -> رحاب توفيق | B76: =IFERROR(__xludf.DUMMYFUNCTION("""COMPUTED_VALUE"""),2.62187939345E11) -> 262187939345 | C76: =IFERROR(__xludf.DUMMYFUNCTION("""COMPUTED_VALUE"""),"رحاب توفيق") -> رحاب توفيق | D76: =IFERROR(__xludf.DUMMYFUNCTION("""COMPUTED_VALUE"""),"1873") -> 1873 | F76: =IFERROR(__xludf.DUMMYFUNCTION("""COMPUTED_VALUE"""),"rehabtawfik8@gmail.com") -> rehabtawfik8@gmail.com
A77: =IFERROR(__xludf.DUMMYFUNCTION("""COMPUTED_VALUE"""),"فاطمة أحمد") -> فاطمة أحمد | B77: =IFERROR(__xludf.DUMMYFUNCTION("""COMPUTED_VALUE"""),3.07134532301E11) -> 307134532301 | C77: =IFERROR(__xludf.DUMMYFUNCTION("""COMPUTED_VALUE"""),"فاطمة أحمد") -> فاطمة أحمد | D77: =IFERROR(__xludf.DUMMYFUNCTION("""COMPUTED_VALUE"""),"1888") -> 1888 | E77: =IFERROR(__xludf.DUMMYFUNCTION("""COMPUTED_VALUE"""),"G12") -> G12
A78: =IFERROR(__xludf.DUMMYFUNCTION("""COMPUTED_VALUE"""),"إسلام ممدوح") -> إسلام ممدوح | B78: =IFERROR(__xludf.DUMMYFUNCTION("""COMPUTED_VALUE"""),9.20135701295E11) -> 920135701295 | C78: =IFERROR(__xludf.DUMMYFUNCTION("""COMPUTED_VALUE"""),"إسلام ممدوح") -> إسلام ممدوح | D78: =IFERROR(__xludf.DUMMYFUNCTION("""COMPUTED_VALUE"""),"1887") -> 1887 | E78: =IFERROR(__xludf.DUMMYFUNCTION("""COMPUTED_VALUE"""),"G11-G12") -> G11-G12 | F78: =IFERROR(__xludf.DUMMYFUNCTION("""COMPUTED_VALUE"""),"mr.eslammamdohphysics@gmail.com") -> mr.eslammamdohphysics@gmail.com | G78: =IFERROR(__xludf.DUMMYFUNCTION("""COMPUTED_VALUE"""),"01220501541 / 01006878086") -> 01220501541 / 01006878086
A79: =IFERROR(__xludf.DUMMYFUNCTION("""COMPUTED_VALUE"""),"غيث عاطف") -> غيث عاطف | B79: =IFERROR(__xludf.DUMMYFUNCTION("""COMPUTED_VALUE"""),5.0319035727E11) -> 503190357270 | C79: =IFERROR(__xludf.DUMMYFUNCTION("""COMPUTED_VALUE"""),"غيث عاطف") -> غيث عاطف | D79: =IFERROR(__xludf.DUMMYFUNCTION("""COMPUTED_VALUE"""),"1890") -> 1890 | F79: =IFERROR(__xludf.DUMMYFUNCTION("""COMPUTED_VALUE"""),"mrghies85@gmail.com") -> mrghies85@gmail.com | G79: =IFERROR(__xludf.DUMMYFUNCTION("""COMPUTED_VALUE"""),"01007657654") -> 01007657654
A80: =IFERROR(__xludf.DUMMYFUNCTION("""COMPUTED_VALUE"""),"هويدا منصور") -> هويدا منصور | B80: =IFERROR(__xludf.DUMMYFUNCTION("""COMPUTED_VALUE"""),9.56106960751E11) -> 956106960751 | C80: =IFERROR(__xludf.DUMMYFUNCTION("""COMPUTED_VALUE"""),"هويدا منصور") -> هويدا منصور | D80: =IFERROR(__xludf.DUMMYFUNCTION("""COMPUTED_VALUE"""),"1885") -> 1885 | E80: =IFERROR(__xludf.DUMMYFUNCTION("""COMPUTED_VALUE"""),"EG04-EG05-EG06") -> EG04-EG05-EG06 | F80: =IFERROR(__xludf.DUMMYFUNCTION("""COMPUTED_VALUE"""),"dodoelzohry22@gmail.com") -> dodoelzohry22@gmail.com | G80: =IFERROR(__xludf.DUMMYFUNCTION("""COMPUTED_VALUE"""),"01090569530") -> 01090569530
A81: =IFERROR(__xludf.DUMMYFUNCTION("""COMPUTED_VALUE"""),"ليلى السيد") -> ليلى السيد | B81: =IFERROR(__xludf.DUMMYFUNCTION("""COMPUTED_VALUE"""),4.02170847265E11) -> 402170847265 | C81: =IFERROR(__xludf.DUMMYFUNCTION("""COMPUTED_VALUE"""),"ليلى السيد") -> ليلى السيد | D81: =IFERROR(__xludf.DUMMYFUNCTION("""COMPUTED_VALUE"""),"1883") -> 1883 | F81: =IFERROR(__xludf.DUMMYFUNCTION("""COMPUTED_VALUE"""),"lailaelsayed3@gmail.com") -> lailaelsayed3@gmail.com
A82: =IFERROR(__xludf.DUMMYFUNCTION("""COMPUTED_VALUE"""),"آيات أبو العلا") -> آيات أبو العلا | B82: =IFERROR(__xludf.DUMMYFUNCTION("""COMPUTED_VALUE"""),8.95196457504E11) -> 895196457504 | C82: =IFERROR(__xludf.DUMMYFUNCTION("""COMPUTED_VALUE"""),"آيات أبو العلا") -> آيات أبو العلا | D82: =IFERROR(__xludf.DUMMYFUNCTION("""COMPUTED_VALUE"""),1886.0) -> 1886
A83: =IFERROR(__xludf.DUMMYFUNCTION("""COMPUTED_VALUE"""),"أحمد مختار") -> أحمد مختار | B83: =IFERROR(__xludf.DUMMYFUNCTION("""COMPUTED_VALUE"""),5.13102701368E11) -> 513102701368 | C83: =IFERROR(__xludf.DUMMYFUNCTION("""COMPUTED_VALUE"""),"أحمد مختار") -> أحمد مختار | D83: =IFERROR(__xludf.DUMMYFUNCTION("""COMPUTED_VALUE"""),"1892") -> 1892 | E83: =IFERROR(__xludf.DUMMYFUNCTION("""COMPUTED_VALUE"""),"G11-G12") -> G11-G12 | F83: =IFERROR(__xludf.DUMMYFUNCTION("""COMPUTED_VALUE"""),"elshahaly.ahmed.2.96@gmail.com") -> elshahaly.ahmed.2.96@gmail.com | G83: =IFERROR(__xludf.DUMMYFUNCTION("""COMPUTED_VALUE"""),"01275541280") -> 01275541280
A84: =IFERROR(__xludf.DUMMYFUNCTION("""COMPUTED_VALUE"""),"إبراهيم فريد") -> إبراهيم فريد | B84: =IFERROR(__xludf.DUMMYFUNCTION("""COMPUTED_VALUE"""),5.37125814019E11) -> 537125814019 | C84: =IFERROR(__xludf.DUMMYFUNCTION("""COMPUTED_VALUE"""),"إبراهيم فريد") -> إبراهيم فريد | D84: =IFERROR(__xludf.DUMMYFUNCTION("""COMPUTED_VALUE"""),"1899") -> 1899 | F84: =IFERROR(__xludf.DUMMYFUNCTION("""COMPUTED_VALUE"""),"i.aboserie@gmail.com") -> i.aboserie@gmail.com | G84: =IFERROR(__xludf.DUMMYFUNCTION("""COMPUTED_VALUE"""),"01226531038") -> 01226531038
A85: =IFERROR(__xludf.DUMMYFUNCTION("""COMPUTED_VALUE"""),"سارة عبد الحليم") -> سارة عبد الحليم | B85: =IFERROR(__xludf.DUMMYFUNCTION("""COMPUTED_VALUE"""),8.18193063651E11) -> 818193063651 | C85: =IFERROR(__xludf.DUMMYFUNCTION("""COMPUTED_VALUE"""),"سارة عبد الحليم") -> سارة عبد الحليم | D85: =IFERROR(__xludf.DUMMYFUNCTION("""COMPUTED_VALUE"""),"1898") -> 1898 | E85: =IFERROR(__xludf.DUMMYFUNCTION("""COMPUTED_VALUE"""),"EG07-EG08-EG09") -> EG07-EG08-EG09 | F85: =IFERROR(__xludf.DUMMYFUNCTION("""COMPUTED_VALUE"""),"saraabualm2121@gmail.com") -> saraabualm2121@gmail.com | G85: =IFERROR(__xludf.DUMMYFUNCTION("""COMPUTED_VALUE"""),1.124777848E9) -> 1124777848
A86: =IFERROR(__xludf.DUMMYFUNCTION("""COMPUTED_VALUE"""),"محمد كمال") -> محمد كمال | B86: =IFERROR(__xludf.DUMMYFUNCTION("""COMPUTED_VALUE"""),8.76163930275E11) -> 876163930275 | C86: =IFERROR(__xludf.DUMMYFUNCTION("""COMPUTED_VALUE"""),"محمد كمال") -> محمد كمال | D86: =IFERROR(__xludf.DUMMYFUNCTION("""COMPUTED_VALUE"""),1374.0) -> 1374 | F86: =IFERROR(__xludf.DUMMYFUNCTION("""COMPUTED_VALUE"""),"mohamed.ahmed.kamal@nagwa.com") -> mohamed.ahmed.kamal@nagwa.com | G86: =IFERROR(__xludf.DUMMYFUNCTION("""COMPUTED_VALUE"""),"01001120294") -> 01001120294
A87: =IFERROR(__xludf.DUMMYFUNCTION("""COMPUTED_VALUE"""),"إسراء إبراهيم") -> إسراء إبراهيم | B87: =IFERROR(__xludf.DUMMYFUNCTION("""COMPUTED_VALUE"""),4.38168047047E11) -> 438168047047 | C87: =IFERROR(__xludf.DUMMYFUNCTION("""COMPUTED_VALUE"""),"إسراء إبراهيم") -> إسراء إبراهيم | D87: =IFERROR(__xludf.DUMMYFUNCTION("""COMPUTED_VALUE"""),"1907") -> 1907 | E87: =IFERROR(__xludf.DUMMYFUNCTION("""COMPUTED_VALUE"""),"EG04-EG05-EG06-EG07-EG08-EG09") -> EG04-EG05-EG06-EG07-EG08-EG09 | F87: =IFERROR(__xludf.DUMMYFUNCTION("""COMPUTED_VALUE"""),"esraa.eid.95@gmail.com") -> esraa.eid.95@gmail.com | G87: =IFERROR(__xludf.DUMMYFUNCTION("""COMPUTED_VALUE"""),"01009980720") -> 01009980720
A88: =IFERROR(__xludf.DUMMYFUNCTION("""COMPUTED_VALUE"""),"إسلام السيد") -> إسلام السيد | B88: =IFERROR(__xludf.DUMMYFUNCTION("""COMPUTED_VALUE"""),5.12143279207E11) -> 512143279207 | C88: =IFERROR(__xludf.DUMMYFUNCTION("""COMPUTED_VALUE"""),"إسلام السيد") -> إسلام السيد | D88: =IFERROR(__xludf.DUMMYFUNCTION("""COMPUTED_VALUE"""),"1901") -> 1901 | F88: =IFERROR(__xludf.DUMMYFUNCTION("""COMPUTED_VALUE"""),"mr.eslamelsyed@gmail.com") -> mr.eslamelsyed@gmail.com | G88: =IFERROR(__xludf.DUMMYFUNCTION("""COMPUTED_VALUE"""),"01004928895") -> 01004928895
A89: =IFERROR(__xludf.DUMMYFUNCTION("""COMPUTED_VALUE"""),"رحمة سعيد") -> رحمة سعيد | B89: =IFERROR(__xludf.DUMMYFUNCTION("""COMPUTED_VALUE"""),5.78138935094E11) -> 578138935094 | C89: =IFERROR(__xludf.DUMMYFUNCTION("""COMPUTED_VALUE"""),"رحمة سعيد") -> رحمة سعيد | D89: =IFERROR(__xludf.DUMMYFUNCTION("""COMPUTED_VALUE"""),"1897") -> 1897 | E89: =IFERROR(__xludf.DUMMYFUNCTION("""COMPUTED_VALUE"""),"EG01-EG02-EG03-EG04-EG05-EG06") -> EG01-EG02-EG03-EG04-EG05-EG06 | F89: =IFERROR(__xludf.DUMMYFUNCTION("""COMPUTED_VALUE"""),"rahmasaeed600@gmail.com") -> rahmasaeed600@gmail.com | G89: =IFERROR(__xludf.DUMMYFUNCTION("""COMPUTED_VALUE"""),"01140946934") -> 01140946934
A90: =IFERROR(__xludf.DUMMYFUNCTION("""COMPUTED_VALUE"""),"مريم محمد") -> مريم محمد | B90: =IFERROR(__xludf.DUMMYFUNCTION("""COMPUTED_VALUE"""),2.39129619815E11) -> 239129619815 | C90: =IFERROR(__xludf.DUMMYFUNCTION("""COMPUTED_VALUE"""),"مريم محمد") -> مريم محمد | D90: =IFERROR(__xludf.DUMMYFUNCTION("""COMPUTED_VALUE"""),"1900") -> 1900 | F90: =IFERROR(__xludf.DUMMYFUNCTION("""COMPUTED_VALUE"""),"mariamabdelkader292@gmail.com") -> mariamabdelkader292@gmail.com | G90: =IFERROR(__xludf.DUMMYFUNCTION("""COMPUTED_VALUE"""),2.01115757521E11) -> 201115757521
A91: =IFERROR(__xludf.DUMMYFUNCTION("""COMPUTED_VALUE"""),"فادي جبرائيل") -> فادي جبرائيل | B91: =IFERROR(__xludf.DUMMYFUNCTION("""COMPUTED_VALUE"""),6.75168783816E11) -> 675168783816 | C91: =IFERROR(__xludf.DUMMYFUNCTION("""COMPUTED_VALUE"""),"فادي جبرائيل") -> فادي جبرائيل | D91: =IFERROR(__xludf.DUMMYFUNCTION("""COMPUTED_VALUE"""),"1909") -> 1909 | E91: =IFERROR(__xludf.DUMMYFUNCTION("""COMPUTED_VALUE"""),"EG10-EG11-G12") -> EG10-EG11-G12 | F91: =IFERROR(__xludf.DUMMYFUNCTION("""COMPUTED_VALUE"""),"fady.gobrail@gmail.com") -> fady.gobrail@gmail.com | G91: =IFERROR(__xludf.DUMMYFUNCTION("""COMPUTED_VALUE"""),"035400651") -> 035400651
A92: =IFERROR(__xludf.DUMMYFUNCTION("""COMPUTED_VALUE"""),"ياسمين هشام") -> ياسمين هشام | B92: =IFERROR(__xludf.DUMMYFUNCTION("""COMPUTED_VALUE"""),2.13156056568E11) -> 213156056568 | C92: =IFERROR(__xludf.DUMMYFUNCTION("""COMPUTED_VALUE"""),"ياسمين هشام") -> ياسمين هشام | D92: =IFERROR(__xludf.DUMMYFUNCTION("""COMPUTED_VALUE"""),"1911") -> 1911 | F92: =IFERROR(__xludf.DUMMYFUNCTION("""COMPUTED_VALUE"""),"jess.hisham@gmail.com") -> jess.hisham@gmail.com | G92: =IFERROR(__xludf.DUMMYFUNCTION("""COMPUTED_VALUE"""),"01000347446") -> 01000347446
A93: =IFERROR(__xludf.DUMMYFUNCTION("""COMPUTED_VALUE"""),"أحمد الديري") -> أحمد الديري | B93: =IFERROR(__xludf.DUMMYFUNCTION("""COMPUTED_VALUE"""),1.60143206257E11) -> 160143206257 | C93: =IFERROR(__xludf.DUMMYFUNCTION("""COMPUTED_VALUE"""),"أحمد الديري") -> أحمد الديري | D93: =IFERROR(__xludf.DUMMYFUNCTION("""COMPUTED_VALUE"""),"1918") -> 1918 | E93: =IFERROR(__xludf.DUMMYFUNCTION("""COMPUTED_VALUE"""),"EG10-EG11") -> EG10-EG11 | F93: =IFERROR(__xludf.DUMMYFUNCTION("""COMPUTED_VALUE"""),"ahmedhamada07@gmail.com") -> ahmedhamada07@gmail.com
A94: =IFERROR(__xludf.DUMMYFUNCTION("""COMPUTED_VALUE"""),"أحمد عبد الرزاق") -> أحمد عبد الرزاق | B94: =IFERROR(__xludf.DUMMYFUNCTION("""COMPUTED_VALUE"""),5.4516968536E11) -> 545169685360 | C94: =IFERROR(__xludf.DUMMYFUNCTION("""COMPUTED_VALUE"""),"أحمد عبد الرزاق") -> أحمد عبد الرزاق | D94: =IFERROR(__xludf.DUMMYFUNCTION("""COMPUTED_VALUE"""),"1916") -> 1916 | E94: =IFERROR(__xludf.DUMMYFUNCTION("""COMPUTED_VALUE"""),"EG07-EG08-EG09-EG10") -> EG07-EG08-EG09-EG10 | F94: =IFERROR(__xludf.DUMMYFUNCTION("""COMPUTED_VALUE"""),"ahmedabdelrazakmail@gmail.com") -> ahmedabdelrazakmail@gmail.com | G94: =IFERROR(__xludf.DUMMYFUNCTION("""COMPUTED_VALUE"""),"01144483106") -> 01144483106
A95: =IFERROR(__xludf.DUMMYFUNCTION("""COMPUTED_VALUE"""),"أحمد سمير") -> أحمد سمير | B95: =IFERROR(__xludf.DUMMYFUNCTION("""COMPUTED_VALUE"""),5.78168047263E11) -> 578168047263 | C95: =IFERROR(__xludf.DUMMYFUNCTION("""COMPUTED_VALUE"""),"أحمد سمير") -> أحمد سمير | D95: =IFERROR(__xludf.DUMMYFUNCTION("""COMPUTED_VALUE"""),1906.0) -> 1906 | F95: =IFERROR(__xludf.DUMMYFUNCTION("""COMPUTED_VALUE"""),"mrahmedsamer30@gmail.com") -> mrahmedsamer30@gmail.com | G95: =IFERROR(__xludf.DUMMYFUNCTION("""COMPUTED_VALUE"""),"01060665053") -> 01060665053
A96: =IFERROR(__xludf.DUMMYFUNCTION("""COMPUTED_VALUE"""),"هادي الشاعر") -> هادي الشاعر | B96: =IFERROR(__xludf.DUMMYFUNCTION("""COMPUTED_VALUE"""),1.76131232361E11) -> 176131232361 | C96: =IFERROR(__xludf.DUMMYFUNCTION("""COMPUTED_VALUE"""),"هادي الشاعر") -> هادي الشاعر | D96: =IFERROR(__xludf.DUMMYFUNCTION("""COMPUTED_VALUE"""),"1904") -> 1904 | F96: =IFERROR(__xludf.DUMMYFUNCTION("""COMPUTED_VALUE"""),"hadyelshaer8@gmail.com") -> hadyelshaer8@gmail.com | G96: =IFERROR(__xludf.DUMMYFUNCTION("""COMPUTED_VALUE"""),"01067571417") -> 01067571417
A97: =IFERROR(__xludf.DUMMYFUNCTION("""COMPUTED_VALUE"""),"سالي إبراهيم") -> سالي إبراهيم | B97: =IFERROR(__xludf.DUMMYFUNCTION("""COMPUTED_VALUE"""),8.29179380761E11) -> 829179380761 | C97: =IFERROR(__xludf.DUMMYFUNCTION("""COMPUTED_VALUE"""),"سالي إبراهيم") -> سالي إبراهيم | D97: =IFERROR(__xludf.DUMMYFUNCTION("""COMPUTED_VALUE"""),1915.0) -> 1915 | F97: =IFERROR(__xludf.DUMMYFUNCTION("""COMPUTED_VALUE"""),"dr.sallyibrahem70@gmail.com") -> dr.sallyibrahem70@gmail.com | G97: =IFERROR(__xludf.DUMMYFUNCTION("""COMPUTED_VALUE"""),"01009604394") -> 01009604394
A98: =IFERROR(__xludf.DUMMYFUNCTION("""COMPUTED_VALUE"""),"هشام إبراهيم") -> هشام إبراهيم | B98: =IFERROR(__xludf.DUMMYFUNCTION("""COMPUTED_VALUE"""),5.17143909782E11) -> 517143909782 | C98: =IFERROR(__xludf.DUMMYFUNCTION("""COMPUTED_VALUE"""),"هشام إبراهيم") -> هشام إبراهيم | D98: =IFERROR(__xludf.DUMMYFUNCTION("""COMPUTED_VALUE"""),"1922") -> 1922
A99: =IFERROR(__xludf.DUMMYFUNCTION("""COMPUTED_VALUE"""),"حنان بدوي") -> حنان بدوي | B99: =IFERROR(__xludf.DUMMYFUNCTION("""COMPUTED_VALUE"""),2.39130462525E11) -> 239130462525 | C99: =IFERROR(__xludf.DUMMYFUNCTION("""COMPUTED_VALUE"""),"حنان بدوي") -> حنان بدوي | D99: =IFERROR(__xludf.DUMMYFUNCTION("""COMPUTED_VALUE"""),"1913") -> 1913
A100: =IFERROR(__xludf.DUMMYFUNCTION("""COMPUTED_VALUE"""),"مدحت صابر") -> مدحت صابر | B100: =IFERROR(__xludf.DUMMYFUNCTION("""COMPUTED_VALUE"""),9.83164352707E11) -> 983164352707 | C100: =IFERROR(__xludf.DUMMYFUNCTION("""COMPUTED_VALUE"""),"مدحت صابر") -> مدحت صابر | D100: =IFERROR(__xludf.DUMMYFUNCTION("""COMPUTED_VALUE"""),"1919") -> 1919 | F100: =IFERROR(__xludf.DUMMYFUNCTION("""COMPUTED_VALUE"""),"sabermedhat9@gmail.com") -> sabermedhat9@gmail.com | G100: =IFERROR(__xludf.DUMMYFUNCTION("""COMPUTED_VALUE"""),"01006463329") -> 01006463329
...
