Workbook

Sheet Sheet1
A1: Tutor Name | B1: Tutor ID | C1: Stage | D1: Subject | E1: Status | F1: HR ID | G1: Stage Range | H1: Email | I1: Mobile Number
A2: إيمان محمود | B2: 137198142829 | C2: Lower Primary | D2: Discover | E2: Backup | F2: =VLOOKUP(A2,Sheet2!C:D,2,0) -> 1840 | G2: =VLOOKUP(A2,Sheet2!C:E,3,0) -> EG04-EG05-EG06 | H2: =VLOOKUP(A2,Sheet2!A:F,6,0) -> imaneabada@gmail.com | I2: =VLOOKUP(A2,Sheet2!C:G,5,0) -> 01005729272
A3: نسرين زهران | B3: 193156013197 | C3: Lower Primary | D3: Discover | E3: Active | F3: =VLOOKUP(A3,Sheet2!C:D,2,0) -> 2172 | G3: =VLOOKUP(A3,Sheet2!C:E,3,0) -> EG01-EG02-EG03 | H3: =VLOOKUP(A3,Sheet2!A:F,6,0) -> the.peace20006@gmail.com | I3: =VLOOKUP(A3,Sheet2!C:G,5,0) -> 01067579926
A4: رحاب حمدي | B4: 838198456425 | C4: Lower Primary | D4: Discover | E4: Active | F4: =VLOOKUP(A4,Sheet2!C:D,2,0) -> 2171 | G4: =VLOOKUP(A4,Sheet2!C:E,3,0) -> EG01-EG02-EG03 | H4: =VLOOKUP(A4,Sheet2!A:F,6,0) -> rehab533@gmail.com | I4: =VLOOKUP(A4,Sheet2!C:G,5,0) -> 01019577994
A5: نرمين جلال | B5: 209148542918 | C5: Lower Primary | D5: Discover | E5: Active | F5: =VLOOKUP(A5,Sheet2!C:D,2,0) -> 2191 | G5: =VLOOKUP(A5,Sheet2!C:E,3,0) -> EG01-EG02-EG03-EG04-EG05 | H5: =VLOOKUP(A5,Sheet2!A:F,6,0) -> norenosman11@yahoo.com | I5: =VLOOKUP(A5,Sheet2!C:G,5,0) -> 01285292060
A6: ندى عبد النبي | B6: 105150134960 | C6: Lower Primary | D6: Discover | E6: Active | F6: =VLOOKUP(A6,Sheet2!C:D,2,0) -> 2212 | G6: =VLOOKUP(A6,Sheet2!C:E,3,0) -> EG01-EG02-EG03 | H6: =VLOOKUP(A6,Sheet2!A:F,6,0) -> nadalisaid46@gmail.com | I6: =VLOOKUP(A6,Sheet2!C:G,5,0) -> 01273190435
A7: مروة مجدي | B7: 189108478931 | C7: Lower Primary | D7: Discover | E7: Active | F7: =VLOOKUP(A7,Sheet2!C:D,2,0) -> 2443 | G7: =VLOOKUP(A7,Sheet2!C:E,3,0) -> EG01-EG02-EG03 | H7: =VLOOKUP(A7,Sheet2!A:F,6,0) -> jodyy2007@gmail.com | I7: =VLOOKUP(A7,Sheet2!C:G,5,0) -> 01091927577
A8: يارا سلطان | B8: 919170561064 | C8: Lower Primary | D8: Discover | E8: Active | F8: =VLOOKUP(A8,Sheet2!C:D,2,0) -> 2561 | G8: =VLOOKUP(A8,Sheet2!C:E,3,0) -> EG01-EG02-EG03 | H8: =VLOOKUP(A8,Sheet2!A:F,6,0) -> ywael044@gmail.com | I8: =VLOOKUP(A8,Sheet2!C:G,5,0) -> 01271833101
A9: أسماء الحسيني | B9: 623157516497 | C9: Lower Primary | D9: Discover | E9: Active | F9: =VLOOKUP(A9,Sheet2!C:D,2,0) -> 2580 | G9: =VLOOKUP(A9,Sheet2!C:E,3,0) -> EG01-EG02-EG03 | H9: =VLOOKUP(A9,Sheet2!A:F,6,0) -> elhosseinyasmaa@gmail.com | I9: =VLOOKUP(A9,Sheet2!C:G,5,0) -> 01006995563
A10: دعاء مصطفى | B10: 634163474745 | C10: Lower Primary | D10: Discover | E10: Active | F10: =VLOOKUP(A10,Sheet2!C:D,2,0) -> 2722 | G10: =VLOOKUP(A10,Sheet2!C:E,3,0) -> EG01-EG02-EG03-EG04-EG05-EG06 | H10: =VLOOKUP(A10,Sheet2!A:F,6,0) -> doaamostafaalis@gmail.com | I10: =VLOOKUP(A10,Sheet2!C:G,5,0) -> 01012291825
A11: مونيكا إدوارد | B11: 194190610534 | C11: Lower Primary | D11: Discover | E11: Backup | F11: =VLOOKUP(A11,Sheet2!C:D,2,0) -> 2757 | G11: =VLOOKUP(A11,Sheet2!C:E,3,0) -> EG01-EG02-EG03-EG04 | H11: =VLOOKUP(A11,Sheet2!A:F,6,0) -> moneyedward37@gmail.com | I11: =VLOOKUP(A11,Sheet2!C:G,5,0) -> 01277626560
A12: دنيا فاروق | B12: 148126371346 | C12: Lower Primary | D12: Discover | E12: Backup | F12: =VLOOKUP(A12,Sheet2!C:D,2,0) -> 2745 | G12: =VLOOKUP(A12,Sheet2!C:E,3,0) -> EG01-EG02-EG03 | H12: =VLOOKUP(A12,Sheet2!A:F,6,0) -> doniafarouk2811@gmail.com | I12: =VLOOKUP(A12,Sheet2!C:G,5,0) -> 01201302647
A13: إيريني عاطف | B13: 530189784630 | C13: Lower Primary | D13: English | E13: Active | F13: =VLOOKUP(A13,Sheet2!C:D,2,0) -> 2003 | G13: =VLOOKUP(A13,Sheet2!C:E,3,0) -> EG01-EG02-EG03-EG04-EG05 | H13: =VLOOKUP(A13,Sheet2!A:F,6,0) -> erineyatef@gmail.com | I13: =VLOOKUP(A13,Sheet2!C:G,5,0) -> 01211816220
... A554: محمد سالم | B554: 709139503259 | C554: Secondary | D554: الفيزياء | E554: Backup | F554: =VLOOKUP(A554,Sheet2!C:D,2,0) -> 2096 | G554: =VLOOKUP(A554,Sheet2!C:E,3,0) -> EG10-EG11-G12 | H554: =VLOOKUP(A554,Sheet2!A:F,6,0) -> korashy.1411@gmail.com | I554: =VLOOKUP(A554,Sheet2!C:G,5,0) -> 01126633295
A555: محمد عماد عبد النبي الشحات | B555: =VLOOKUP(A555,Sheet2!A:B,2,0) -> #N/A | C555: Secondary | D555: علم النفس والاجتماع | E555: Resigned | F555: =VLOOKUP(A555,Sheet2!C:D,2,0) -> #N/A | G555: =VLOOKUP(A555,Sheet2!C:E,3,0) -> #N/A | H555: =VLOOKUP(A555,Sheet2!A:F,6,0) -> #N/A | I555: =VLOOKUP(A555,Sheet2!C:G,5,0) -> #N/A
A556: دسوقي إبراهيم | B556: 893140536419 | C556: Secondary | D556: علم النفس والاجتماع | E556: Backup | F556: =VLOOKUP(A556,Sheet2!C:D,2,0) -> 2199 | G556: =VLOOKUP(A556,Sheet2!C:E,3,0) -> EG10-EG11-G12 | H556: =VLOOKUP(A556,Sheet2!A:F,6,0) -> ebrahim2721976@gmail.com | I556: =VLOOKUP(A556,Sheet2!C:G,5,0) -> 0
A557: رشا نصير | B557: 942138286345 | C557: Secondary | D557: الكيمياء | E557: Inactive | F557: =VLOOKUP(A557,Sheet2!C:D,2,0) -> 1975 | G557: =VLOOKUP(A557,Sheet2!C:E,3,0) -> EG10-EG11-G12 | H557: =VLOOKUP(A557,Sheet2!A:F,6,0) -> rnosier.72@gmail.com | I557: =VLOOKUP(A557,Sheet2!C:G,5,0) -> 01004540715
A558: مازن جاد | B558: 452123973904 | C558: Secondary | D558: Chemistry | E558: Inactive | F558: =VLOOKUP(A558,Sheet2!C:D,2,0) -> 1330 | G558: =VLOOKUP(A558,Sheet2!C:E,3,0) -> 0 | H558: =VLOOKUP(A558,Sheet2!A:F,6,0) -> s-mazenhafez@zewailcity.edu.eg | I558: =VLOOKUP(A558,Sheet2!C:G,5,0) -> 0
A559: زكي سعيد | B559: 424154524098 | C559: Secondary | D559: English | E559: Inactive | F559: =VLOOKUP(A559,Sheet2!C:D,2,0) -> 2135 | G559: =VLOOKUP(A559,Sheet2!C:E,3,0) -> 0 | H559: =VLOOKUP(A559,Sheet2!A:F,6,0) -> zakisaeedfrs@gmail.com | I559: =VLOOKUP(A559,Sheet2!C:G,5,0) -> 01202812574
A560: أحمد يحيى | B560: 636182508414 | C560: Preparatory | D560: الرياضيات | E560: Resigned | F560: =VLOOKUP(A560,Sheet2!C:D,2,0) -> 1846 | G560: =VLOOKUP(A560,Sheet2!C:E,3,0) -> 0 | H560: =VLOOKUP(A560,Sheet2!A:F,6,0) -> 0 | I560: =VLOOKUP(A560,Sheet2!C:G,5,0) -> 0
A561: أماني نيكولا | B561: 626126867906 | C561: Preparatory | D561: English | E561: Inactive | F561: =VLOOKUP(A561,Sheet2!C:D,2,0) -> 1993 | G561: =VLOOKUP(A561,Sheet2!C:E,3,0) -> 0 | H561: =VLOOKUP(A561,Sheet2!A:F,6,0) -> amany.nicola6@gmail.com | I561: =VLOOKUP(A561,Sheet2!C:G,5,0) -> 01222711176
A562: فادي جبرائيل | B562: 675168783816 | C562: Secondary | D562: Chemistry | E562: Inactive | F562: =VLOOKUP(A562,Sheet2!C:D,2,0) -> 1909 | G562: =VLOOKUP(A562,Sheet2!C:E,3,0) -> EG10-EG11-G12 | H562: =VLOOKUP(A562,Sheet2!A:F,6,0) -> fady.gobrail@gmail.com | I562: =VLOOKUP(A562,Sheet2!C:G,5,0) -> 035400651
A563: رضا جبريل | B563: 198159430149 | C563: Secondary | D563: اللغة العربية | E563: Inactive | F563: =VLOOKUP(A563,Sheet2!C:D,2,0) -> 1083 | G563: =VLOOKUP(A563,Sheet2!C:E,3,0) -> EG10-EG11-EG12 | H563: =VLOOKUP(A563,Sheet2!A:F,6,0) -> 0 | I563: =VLOOKUP(A563,Sheet2!C:G,5,0) -> 0
A564: مروة مصطفى | B564: 963158235375 | C564: Secondary | D564: Español | E564: Inactive | F564: =VLOOKUP(A564,Sheet2!C:D,2,0) -> 2062 | G564: =VLOOKUP(A564,Sheet2!C:E,3,0) -> 0 | H564: =VLOOKUP(A564,Sheet2!A:F,6,0) -> marwa_mostafa_@hotmail.com | I564: =VLOOKUP(A564,Sheet2!C:G,5,0) -> 01003732776
A565: رضوى صبري | B565: 194141237816 | C565: Secondary | D565: Deutsch | E565: Inactive | F565: =VLOOKUP(A565,Sheet2!C:D,2,0) -> 1841 | G565: =VLOOKUP(A565,Sheet2!C:E,3,0) -> She won't be with us in the 2nd term. | H565: =VLOOKUP(A565,Sheet2!A:F,6,0) -> 0 | I565: =VLOOKUP(A565,Sheet2!C:G,5,0) -> 0
A566: بيشوي عادل | B566: 194194607634 | C566: Secondary | D566: Italiano | E566: Backup | F566: =VLOOKUP(A566,Sheet2!C:D,2,0) -> 2006 | G566: =VLOOKUP(A566,Sheet2!C:E,3,0) -> 0 | H566: =VLOOKUP(A566,Sheet2!A:F,6,0) -> bichoiadel@gmail.com | I566: =VLOOKUP(A566,Sheet2!C:G,5,0) -> 01283973691
A567: ماجدة محمد | B567: 973132386263 | C567: Secondary | D567: Español | E567: Backup | F567: =VLOOKUP(A567,Sheet2!C:D,2,0) -> 1798 | G567: =VLOOKUP(A567,Sheet2!C:E,3,0) -> 0 | H567: =VLOOKUP(A567,Sheet2!A:F,6,0) -> magdaharidy96@gmail.com | I567: =VLOOKUP(A567,Sheet2!C:G,5,0) -> 01011902047
... A625: مارسيل سميح | B625: 945182868176 | C625: Higher Primary | D625: Mathematics | E625: Resigned | F625: =VLOOKUP(A625,Sheet2!C:D,2,0) -> 2074 | G625: =VLOOKUP(A625,Sheet2!C:E,3,0) -> 0 | H625: =VLOOKUP(A625,Sheet2!A:F,6,0) -> 0 | I625: =VLOOKUP(A625,Sheet2!C:G,5,0) -> 0
A626: عبده شيتاوي | B626: =VLOOKUP(A626,Sheet2!A:B,2,0) -> #N/A | C626: Secondary | D626: الفيزياء | E626: New Hire | F626: =VLOOKUP(A626,Sheet2!C:D,2,0) -> #N/A | G626: =VLOOKUP(A626,Sheet2!C:E,3,0) -> #N/A | H626: =VLOOKUP(A626,Sheet2!A:F,6,0) -> #N/A | I626: =VLOOKUP(A626,Sheet2!C:G,5,0) -> #N/A
A627: محمد رجب | B627: 137159402437 | C627: Secondary | D627: الفيزياء | E627: Resigned | F627: =VLOOKUP(A627,Sheet2!C:D,2,0) -> 2336 | G627: =VLOOKUP(A627,Sheet2!C:E,3,0) -> G11-G12 | H627: =VLOOKUP(A627,Sheet2!A:F,6,0) -> mohamedr7713253@gmail.com | I627: =VLOOKUP(A627,Sheet2!C:G,5,0) -> 01007713253
A628: ميرنا طارق | B628: 454134237907 | C628: Secondary | D628: Français | E628: Backup | F628: =VLOOKUP(A628,Sheet2!C:D,2,0) -> 2341 | G628: =VLOOKUP(A628,Sheet2!C:E,3,0) -> 0 | H628: =VLOOKUP(A628,Sheet2!A:F,6,0) -> mirna_tareksalah97@yahoo.com | I628: =VLOOKUP(A628,Sheet2!C:G,5,0) -> 01225300158
A629: منى أخنوخ | B629: 937186279710 | C629: Secondary | D629: Français | E629: Backup | F629: =VLOOKUP(A629,Sheet2!C:D,2,0) -> 2338 | G629: =VLOOKUP(A629,Sheet2!C:E,3,0) -> 0 | H629: =VLOOKUP(A629,Sheet2!A:F,6,0) -> remonamoon@gmail.com | I629: =VLOOKUP(A629,Sheet2!C:G,5,0) -> 01003647713
A630: إسلام درويش | B630: 857181851641 | C630: Secondary | D630: اللغة العربية | E630: Resigned | F630: =VLOOKUP(A630,Sheet2!C:D,2,0) -> 2263 | G630: =VLOOKUP(A630,Sheet2!C:E,3,0) -> EG08-EG09-EG10-EG11-EG12 | H630: =VLOOKUP(A630,Sheet2!A:F,6,0) -> islam.m.darweesh@gmail.com | I630: =VLOOKUP(A630,Sheet2!C:G,5,0) -> 01153839716
A631: سارة إبراهيم سامي | B631: =VLOOKUP(A631,Sheet2!A:B,2,0) -> No ID | C631: Lower Primary | D631: English | E631: Resigned | F631: =VLOOKUP(A631,Sheet2!C:D,2,0) -> 0 | G631: =VLOOKUP(A631,Sheet2!C:E,3,0) -> 0 | H631: =VLOOKUP(A631,Sheet2!A:F,6,0) -> 0 | I631: =VLOOKUP(A631,Sheet2!C:G,5,0) -> 0
A632: نرمين سعيد | B632: 716141713108 | C632: Preparatory | D632: Science | E632: Inactive | F632: =VLOOKUP(A632,Sheet2!C:D,2,0) -> 2355 | G632: =VLOOKUP(A632,Sheet2!C:E,3,0) -> EG07-EG08-EG09 | H632: =VLOOKUP(A632,Sheet2!A:F,6,0) -> nrmeensaeed28191@gmail.com | I632: =VLOOKUP(A632,Sheet2!C:G,5,0) -> 01065167912
A633: عبد الرحمن رمضان | B633: 905158654524 | C633: Higher Primary | D633: الدراسات الاجتماعية | E633: New Hire | F633: =VLOOKUP(A633,Sheet2!C:D,2,0) -> 0 | G633: =VLOOKUP(A633,Sheet2!C:E,3,0) -> 0 | H633: =VLOOKUP(A633,Sheet2!A:F,6,0) -> rabdo6492@gmail.com | I633: =VLOOKUP(A633,Sheet2!C:G,5,0) -> 0
A634: نهال زاهر | B634: 783123583101 | C634: Secondary | D634: English | E634: Inactive | F634: =VLOOKUP(A634,Sheet2!C:D,2,0) -> 2376 | G634: =VLOOKUP(A634,Sheet2!C:E,3,0) -> EG09-EG10-EG11 | H634: =VLOOKUP(A634,Sheet2!A:F,6,0) -> nehalzaher@gmail.com | I634: =VLOOKUP(A634,Sheet2!C:G,5,0) -> 91111734555
A635: ريهام سلطان | B635: 529183826745 | C635: Secondary | D635: Français | E635: Backup | F635: =VLOOKUP(A635,Sheet2!C:D,2,0) -> 2379 | G635: =VLOOKUP(A635,Sheet2!C:E,3,0) -> 0 | H635: =VLOOKUP(A635,Sheet2!A:F,6,0) -> rehamsultan718@gmail.com | I635: =VLOOKUP(A635,Sheet2!C:G,5,0) -> 01099408611
A636: إيمان السيد | B636: 794175742320 | C636: Higher Primary | D636: اللغة العربية | E636: Resigned | F636: =VLOOKUP(A636,Sheet2!C:D,2,0) -> 2370 | G636: =VLOOKUP(A636,Sheet2!C:E,3,0) -> لم يعجبها نظام الدفع والتسجيلات وقالت إنها لا تريد أن تقدم وقتها في "حاجة غير مجدية" واستقالت بالفعل | H636: =VLOOKUP(A636,Sheet2!A:F,6,0) -> 0 | I636: =VLOOKUP(A636,Sheet2!C:G,5,0) -> 0
A637: أحمد صالح | B637: 587173545189 | C637: Secondary | D637: اللغة العربية | E637: Inactive | F637: =VLOOKUP(A637,Sheet2!C:D,2,0) -> 2371 | G637: =VLOOKUP(A637,Sheet2!C:E,3,0) -> EG08-EG09-EG10-EG11-EG12 | H637: =VLOOKUP(A637,Sheet2!A:F,6,0) -> saleh8015@gmail.com | I637: =VLOOKUP(A637,Sheet2!C:G,5,0) -> 01122606455
A638: يمنى ياسر | B638: 140157603065 | C638: Higher Primary | D638: Mathematics | E638: Resigned | F638: =VLOOKUP(A638,Sheet2!C:D,2,0) -> 2380 | G638: =VLOOKUP(A638,Sheet2!C:E,3,0) -> EG04 | H638: =VLOOKUP(A638,Sheet2!A:F,6,0) -> 0 | I638: =VLOOKUP(A638,Sheet2!C:G,5,0) -> 0
A639: مي سامي | B639: 839185648325 | C639: Higher Primary | D639: الدراسات الاجتماعية | E639: Inactive | F639: =VLOOKUP(A639,Sheet2!C:D,2,0) -> 2399 | G639: =VLOOKUP(A639,Sheet2!C:E,3,0) -> EG04-EG05-EG06-G7 | H639: =VLOOKUP(A639,Sheet2!A:F,6,0) -> maighalia54@gmail.com | I639: =VLOOKUP(A639,Sheet2!C:G,5,0) -> 01122888386
A640: إيمان ممدوح | B640: 975141754312 | C640: Secondary | D640: Biology | E640: New Hire | F640: =VLOOKUP(A640,Sheet2!C:D,2,0) -> 1999 | G640: =VLOOKUP(A640,Sheet2!C:E,3,0) -> 0 | H640: =VLOOKUP(A640,Sheet2!A:F,6,0) -> 0 | I640: =VLOOKUP(A640,Sheet2!C:G,5,0) -> 0
A641: مينا جاد | B641: 846101762818 | C641: Secondary | D641: Chemistry | E641: Resigned | F641: =VLOOKUP(A641,Sheet2!C:D,2,0) -> 1781 | G641: =VLOOKUP(A641,Sheet2!C:E,3,0) -> 0 | H641: =VLOOKUP(A641,Sheet2!A:F,6,0) -> 0 | I641: =VLOOKUP(A641,Sheet2!C:G,5,0) -> 0
A642: لطفي سالم | B642: =VLOOKUP(A642,Sheet2!A:B,2,0) -> No ID | C642: Secondary | D642: الجيولوجيا | E642: New Hire | F642: =VLOOKUP(A642,Sheet2!C:D,2,0) -> 0 | G642: =VLOOKUP(A642,Sheet2!C:E,3,0) -> 0 | H642: =VLOOKUP(A642,Sheet2!A:F,6,0) -> 0 | I642: =VLOOKUP(A642,Sheet2!C:G,5,0) -> 0
A643: شريف شيمي | B643: =VLOOKUP(A643,Sheet2!A:B,2,0) -> No ID | D643: Mathematics | E643: Terminated | F643: =VLOOKUP(A643,Sheet2!C:D,2,0) -> 0 | G643: =VLOOKUP(A643,Sheet2!C:E,3,0) -> 0 | H643: =VLOOKUP(A643,Sheet2!A:F,6,0) -> 0 | I643: =VLOOKUP(A643,Sheet2!C:G,5,0) -> 0
A644: محمد كمال | B644: 876163930275 | C644: Preparatory | D644: Mathematics | E644: Inactive | F644: =VLOOKUP(A644,Sheet2!C:D,2,0) -> 1374 | G644: =VLOOKUP(A644,Sheet2!C:E,3,0) -> 0 | H644: =VLOOKUP(A644,Sheet2!A:F,6,0) -> mohamed.ahmed.kamal@nagwa.com | I644: =VLOOKUP(A644,Sheet2!C:G,5,0) -> 01001120294
A645: إيمان أمين | B645: 962104368108 | C645: Higher Primary | D645: Mathematics | E645: Inactive | F645: =VLOOKUP(A645,Sheet2!C:D,2,0) -> 1928 | G645: =VLOOKUP(A645,Sheet2!C:E,3,0) -> EG04-EG05-EG06-EG07-EG08-EG09 | H645: =VLOOKUP(A645,Sheet2!A:F,6,0) -> 0 | I645: =VLOOKUP(A645,Sheet2!C:G,5,0) -> 0
A646: نهى النشار | B646: =VLOOKUP(A646,Sheet2!A:B,2,0) -> No ID | C646: Preparatory | D646: اللغة العربية | E646: Inactive | F646: =VLOOKUP(A646,Sheet2!C:D,2,0) -> 0 | G646: =VLOOKUP(A646,Sheet2!C:E,3,0) -> EG07-EG08-EG09-EG10 | H646: =VLOOKUP(A646,Sheet2!A:F,6,0) -> 0 | I646: =VLOOKUP(A646,Sheet2!C:G,5,0) -> 0
A647: علاء يوسف | B647: =VLOOKUP(A647,Sheet2!A:B,2,0) -> No ID | C647: Preparatory | D647: Science | E647: Resigned | F647: =VLOOKUP(A647,Sheet2!C:D,2,0) -> 0 | G647: =VLOOKUP(A647,Sheet2!C:E,3,0) -> EG07-EG08-EG09 | H647: =VLOOKUP(A647,Sheet2!A:F,6,0) -> 0 | I647: =VLOOKUP(A647,Sheet2!C:G,5,0) -> 0
A648: شحاتة مسعد | B648: 194168206386 | C648: Secondary | D648: اللغة العربية | E648: Inactive | F648: =VLOOKUP(A648,Sheet2!C:D,2,0) -> 2412 | G648: =VLOOKUP(A648,Sheet2!C:E,3,0) -> EG10-EG11-EG12 | H648: =VLOOKUP(A648,Sheet2!A:F,6,0) -> shemsad94@gmail.com | I648: =VLOOKUP(A648,Sheet2!C:G,5,0) -> 01000478016
A649: شيماء سعيد | B649: 904157297454 | C649: Lower Primary | D649: English | E649: Resigned | F649: =VLOOKUP(A649,Sheet2!C:D,2,0) -> 2425 | G649: =VLOOKUP(A649,Sheet2!C:E,3,0) -> EG01-EG02-EG03 | H649: =VLOOKUP(A649,Sheet2!A:F,6,0) -> shaimaa.shawshaw@gmail.com | I649: =VLOOKUP(A649,Sheet2!C:G,5,0) -> 01061516190
A650: منار نبيل | B650: 139146351896 | C650: Higher Primary | D650: الدراسات الاجتماعية | E650: Inactive | F650: =VLOOKUP(A650,Sheet2!C:D,2,0) -> 2435 | G650: =VLOOKUP(A650,Sheet2!C:E,3,0) -> EG4-EG05-EG06 | H650: =VLOOKUP(A650,Sheet2!A:F,6,0) -> manarnabil88@gmail.com | I650: =VLOOKUP(A650,Sheet2!C:G,5,0) -> 0
A651: ريهام الطويل | B651: 969151976052 | C651: Higher Primary | D651: Mathematics | E651: Resigned | F651: =VLOOKUP(A651,Sheet2!C:D,2,0) -> 2468 | G651: =VLOOKUP(A651,Sheet2!C:E,3,0) -> EG04-EG05-EG06 | H651: =VLOOKUP(A651,Sheet2!A:F,6,0) -> rihameltawil91@gmail.com | I651: =VLOOKUP(A651,Sheet2!C:G,5,0) -> 0
A652: منى صلاح | B652: 458171934281 | C652: Higher Primary | D652: English | E652: Resigned | F652: =VLOOKUP(A652,Sheet2!C:D,2,0) -> 2472 | G652: =VLOOKUP(A652,Sheet2!C:E,3,0) -> EG04-EG05-EG06-EG07-EG08-EG09 | H652: =VLOOKUP(A652,Sheet2!A:F,6,0) -> 0 | I652: =VLOOKUP(A652,Sheet2!C:G,5,0) -> 0
A653: أميرة عبد العزيز | B653: 925193924973 | C653: Lower Primary | D653: English | E653: Inactive | F653: =VLOOKUP(A653,Sheet2!C:D,2,0) -> 2487 | G653: =VLOOKUP(A653,Sheet2!C:E,3,0) -> EG01-EG02-EG03 | H653: =VLOOKUP(A653,Sheet2!A:F,6,0) -> amira.galal60@yahoo.com | I653: =VLOOKUP(A653,Sheet2!C:G,5,0) -> 01013983718
A654: حنان زيدان | B654: 675158027827 | C654: Preparatory | D654: الدراسات الاجتماعية | E654: Inactive | F654: =VLOOKUP(A654,Sheet2!C:D,2,0) -> 2492 | G654: =VLOOKUP(A654,Sheet2!C:E,3,0) -> EG07-EG08-EG09 | H654: =VLOOKUP(A654,Sheet2!A:F,6,0) -> zidanhanan106@gmail.com | I654: =VLOOKUP(A654,Sheet2!C:G,5,0) -> 01000832547
A655: رنا البدري | B655: 803173848636 | C655: Higher Primary | D655: ICT | E655: Resigned | F655: =VLOOKUP(A655,Sheet2!C:D,2,0) -> 2498 | G655: =VLOOKUP(A655,Sheet2!C:E,3,0) -> EG04-EG05-EG06 | H655: =VLOOKUP(A655,Sheet2!A:F,6,0) -> ranaelbadry753@gmail.com | I655: =VLOOKUP(A655,Sheet2!C:G,5,0) -> 01090632568
A656: عبد الرحمن أشرف | B656: 827159763903 | C656: Higher Primary | D656: العلوم | E656: Resigned | F656: =VLOOKUP(A656,Sheet2!C:D,2,0) -> 2488 | G656: =VLOOKUP(A656,Sheet2!C:E,3,0) -> EG04-EG05-EG06-EG07 | H656: =VLOOKUP(A656,Sheet2!A:F,6,0) -> abdo11ashraf99@gmail.com | I656: =VLOOKUP(A656,Sheet2!C:G,5,0) -> 01025827201
A657: ولاء النمر | B657: =VLOOKUP(A657,Sheet2!A:B,2,0) -> No ID | C657: Lower Primary | D657: الرياضيات | E657: Resigned | F657: =VLOOKUP(A657,Sheet2!C:D,2,0) -> 0 | G657: =VLOOKUP(A657,Sheet2!C:E,3,0) -> EG01-EG02-EG03-EG04 | H657: =VLOOKUP(A657,Sheet2!A:F,6,0) -> 0 | I657: =VLOOKUP(A657,Sheet2!C:G,5,0) -> 0
A658: ياسمين سعيد | B658: 795161084548 | C658: Secondary | D658: Deutsch | E658: Backup | F658: =VLOOKUP(A658,Sheet2!C:D,2,0) -> 2532 | G658: =VLOOKUP(A658,Sheet2!C:E,3,0) -> 0 | H658: =VLOOKUP(A658,Sheet2!A:F,6,0) -> yasmiensaied90@gmail.com | I658: =VLOOKUP(A658,Sheet2!C:G,5,0) -> 0
A659: عبد الرحمن داوود | B659: =VLOOKUP(A659,Sheet2!A:B,2,0) -> No ID | C659: Secondary | D659: English | E659: Resigned | F659: =VLOOKUP(A659,Sheet2!C:D,2,0) -> 0 | G659: =VLOOKUP(A659,Sheet2!C:E,3,0) -> EG09-EG10-EG11 | H659: =VLOOKUP(A659,Sheet2!A:F,6,0) -> 0 | I659: =VLOOKUP(A659,Sheet2!C:G,5,0) -> 0
A660: سماء رسمي | B660: =VLOOKUP(A660,Sheet2!A:B,2,0) -> No ID | C660: Lower Primary | D660: الرياضيات | E660: Backup | F660: =VLOOKUP(A660,Sheet2!C:D,2,0) -> 0 | G660: =VLOOKUP(A660,Sheet2!C:E,3,0) -> EG01-EG02-EG03-EG04-EG05-EG06 | H660: =VLOOKUP(A660,Sheet2!A:F,6,0) -> 0 | I660: =VLOOKUP(A660,Sheet2!C:G,5,0) -> 0
A661: هاني حواس | B661: 638195271502 | C661: Preparatory | D661: الدراسات الاجتماعية | E661: Backup | F661: =VLOOKUP(A661,Sheet2!C:D,2,0) -> 2559 | G661: =VLOOKUP(A661,Sheet2!C:E,3,0) -> EG07-EG08-EG09 | H661: =VLOOKUP(A661,Sheet2!A:F,6,0) -> hany.hawas175@gmail.com | I661: =VLOOKUP(A661,Sheet2!C:G,5,0) -> 0
A662: دعاء عطية | B662: =VLOOKUP(A662,Sheet2!A:B,2,0) -> No ID | C662: Preparatory | D662: English | E662: Backup | F662: =VLOOKUP(A662,Sheet2!C:D,2,0) -> 0 | G662: =VLOOKUP(A662,Sheet2!C:E,3,0) -> EG07-EG08-EG09-EG10-EG11-EG12 | H662: =VLOOKUP(A662,Sheet2!A:F,6,0) -> 0 | I662: =VLOOKUP(A662,Sheet2!C:G,5,0) -> 0
A663: ياسمين سمير | B663: 367106989606 | C663: Preparatory | D663: English | E663: Resigned | F663: =VLOOKUP(A663,Sheet2!C:D,2,0) -> 2585 | G663: =VLOOKUP(A663,Sheet2!C:E,3,0) -> EG07-EG08-EG09-EG10-EG11-EG12 | H663: =VLOOKUP(A663,Sheet2!A:F,6,0) -> jasminaahmed60@gmail.com | I663: =VLOOKUP(A663,Sheet2!C:G,5,0) -> 0
A664: نيفين السعيد | B664: 746149714625 | C664: Higher Primary | D664: English | E664: Resigned | F664: =VLOOKUP(A664,Sheet2!C:D,2,0) -> 2591 | G664: =VLOOKUP(A664,Sheet2!C:E,3,0) -> EG04-EG05-EG06 | H664: =VLOOKUP(A664,Sheet2!A:F,6,0) -> nsanad90@gmail.com | I664: =VLOOKUP(A664,Sheet2!C:G,5,0) -> 0
A665: حاكم محمد | B665: 235192420945 | C665: Preparatory | D665: English | E665: Inactive | F665: =VLOOKUP(A665,Sheet2!C:D,2,0) -> 2606 | G665: =VLOOKUP(A665,Sheet2!C:E,3,0) -> EG07-EG08-EG09-EG10-EG11-EG12 | H665: =VLOOKUP(A665,Sheet2!A:F,6,0) -> hakem2006@gmail.com | I665: =VLOOKUP(A665,Sheet2!C:G,5,0) -> 0
A666: هدى شعبان | B666: 175142750434 | C666: Lower Primary | D666: اللغة العربية | E666: Resigned | F666: =VLOOKUP(A666,Sheet2!C:D,2,0) -> 2600 | G666: =VLOOKUP(A666,Sheet2!C:E,3,0) -> EG01-EG02-EG03 | H666: =VLOOKUP(A666,Sheet2!A:F,6,0) -> dodo.lougy2014@gmail.com | I666: =VLOOKUP(A666,Sheet2!C:G,5,0) -> 0
A667: أسامة خليل | B667: 156165436060 | C667: Preparatory | D667: اللغة العربية | E667: Resigned | F667: =VLOOKUP(A667,Sheet2!C:D,2,0) -> 2599 | G667: =VLOOKUP(A667,Sheet2!C:E,3,0) -> EG06-EG07-EG08-EG09 | H667: =VLOOKUP(A667,Sheet2!A:F,6,0) -> okhalim2022@gmail.com | I667: =VLOOKUP(A667,Sheet2!C:G,5,0) -> 01024105035
A668: محمد زكي | B668: 696138691285 | C668: Higher Primary | D668: Mathematics | E668: Inactive | F668: =VLOOKUP(A668,Sheet2!C:D,2,0) -> 2258 | G668: =VLOOKUP(A668,Sheet2!C:E,3,0) -> EG04-EG05-EG06 | H668: =VLOOKUP(A668,Sheet2!A:F,6,0) -> egymath2020@gmail.com | I668: =VLOOKUP(A668,Sheet2!C:G,5,0) -> 01550007664
A669: داليا نبيل | B669: 596160630240 | C669: Higher Primary | D669: Mathematics | E669: Backup | F669: =VLOOKUP(A669,Sheet2!C:D,2,0) -> 2622 | G669: =VLOOKUP(A669,Sheet2!C:E,3,0) -> EG04-EG05-EG06 | H669: =VLOOKUP(A669,Sheet2!A:F,6,0) -> dalianabil145@gmail.com | I669: =VLOOKUP(A669,Sheet2!C:G,5,0) -> 0
A670: عبير حسن | B670: =VLOOKUP(A670,Sheet2!A:B,2,0) -> No ID | C670: Higher Primary | D670: اللغة العربية | E670: Inactive | F670: =VLOOKUP(A670,Sheet2!C:D,2,0) -> 0 | G670: =VLOOKUP(A670,Sheet2!C:E,3,0) -> EG04-EG05-EG06 | H670: =VLOOKUP(A670,Sheet2!A:F,6,0) -> 0 | I670: =VLOOKUP(A670,Sheet2!C:G,5,0) -> 0
A671: رانيا عطية | B671: 828156185164 | C671: Higher Primary | D671: English | E671: Inactive | F671: =VLOOKUP(A671,Sheet2!C:D,2,0) -> 2646 | G671: =VLOOKUP(A671,Sheet2!C:E,3,0) -> EG04-EG05-EG06 | H671: =VLOOKUP(A671,Sheet2!A:F,6,0) -> poissons29.2@gmail.com | I671: =VLOOKUP(A671,Sheet2!C:G,5,0) -> 0
A672: محمود أحمد | B672: 305106396548 | C672: Preparatory | D672: English | E672: Inactive | F672: =VLOOKUP(A672,Sheet2!C:D,2,0) -> 2641 | G672: =VLOOKUP(A672,Sheet2!C:E,3,0) -> EG07-EG08-EG09 | H672: =VLOOKUP(A672,Sheet2!A:F,6,0) -> gamerahmedg@gmail.com | I672: =VLOOKUP(A672,Sheet2!C:G,5,0) -> 0
A673: منيرة مهدي | B673: 630141786235 | C673: Higher Primary | D673: اللغة العربية | E673: Inactive | F673: =VLOOKUP(A673,Sheet2!C:D,2,0) -> 2662 | G673: =VLOOKUP(A673,Sheet2!C:E,3,0) -> EG04-EG05-EG06 | H673: =VLOOKUP(A673,Sheet2!A:F,6,0) -> mwnyalghzaly@gmail.com | I673: =VLOOKUP(A673,Sheet2!C:G,5,0) -> 01121870666
A674: لمياء السعيد | B674: 868143149757 | C674: Preparatory | D674: الرياضيات | E674: Inactive | F674: =VLOOKUP(A674,Sheet2!C:D,2,0) -> 2672 | G674: =VLOOKUP(A674,Sheet2!C:E,3,0) -> EG07-EG08-EG09 | H674: =VLOOKUP(A674,Sheet2!A:F,6,0) -> mrfthsyn962@gmail.com | I674: =VLOOKUP(A674,Sheet2!C:G,5,0) -> 0
A675: مروة بدير | B675: =VLOOKUP(A675,Sheet2!A:B,2,0) -> No ID | C675: Preparatory | D675: Mathematics | E675: Backup | F675: =VLOOKUP(A675,Sheet2!C:D,2,0) -> 0 | G675: =VLOOKUP(A675,Sheet2!C:E,3,0) -> EG07-EG08-EG09 | H675: =VLOOKUP(A675,Sheet2!A:F,6,0) -> 0 | I675: =VLOOKUP(A675,Sheet2!C:G,5,0) -> 0
A676: عبير فرغلي | B676: 643165236429 | C676: Preparatory | D676: Science | E676: Inactive | F676: =VLOOKUP(A676,Sheet2!C:D,2,0) -> 2655 | G676: =VLOOKUP(A676,Sheet2!C:E,3,0) -> EG07-EG08-EG09 | H676: =VLOOKUP(A676,Sheet2!A:F,6,0) -> abeervet81@gmail.com | I676: =VLOOKUP(A676,Sheet2!C:G,5,0) -> 0
A677: نيرة محمود | B677: 689156982321 | C677: Higher Primary | D677: Science | E677: Inactive | F677: =VLOOKUP(A677,Sheet2!C:D,2,0) -> 2690 | G677: =VLOOKUP(A677,Sheet2!C:E,3,0) -> EG04-EG05-EG06 | H677: =VLOOKUP(A677,Sheet2!A:F,6,0) -> nayeramahmoed@gmail.com | I677: =VLOOKUP(A677,Sheet2!C:G,5,0) -> 0
A678: نورهان عصام | B678: =VLOOKUP(A678,Sheet2!A:B,2,0) -> No ID | C678: Lower Primary | D678: اللغة العربية | E678: Backup | F678: =VLOOKUP(A678,Sheet2!C:D,2,0) -> 0 | G678: =VLOOKUP(A678,Sheet2!C:E,3,0) -> EG01-EG02-EG03-EG04 | H678: =VLOOKUP(A678,Sheet2!A:F,6,0) -> 0 | I678: =VLOOKUP(A678,Sheet2!C:G,5,0) -> 0
A679: هبة كمال | B679: 767182953239 | C679: Lower Primary | D679: اللغة العربية | E679: Backup | F679: =VLOOKUP(A679,Sheet2!C:D,2,0) -> 2688 | G679: =VLOOKUP(A679,Sheet2!C:E,3,0) -> EG01-EG02-EG03-EG04-EG05-EG06 | H679: =VLOOKUP(A679,Sheet2!A:F,6,0) -> hebakamal1991@gmail.com | I679: =VLOOKUP(A679,Sheet2!C:G,5,0) -> 01129502289
A680: صابرين محمد | B680: =VLOOKUP(A680,Sheet2!A:B,2,0) -> No ID | C680: Lower Primary | D680: الرياضيات | E680: Backup | F680: =VLOOKUP(A680,Sheet2!C:D,2,0) -> 0 | G680: =VLOOKUP(A680,Sheet2!C:E,3,0) -> EG01-EG02-EG03-EG04-EG05-EG06 | H680: =VLOOKUP(A680,Sheet2!A:F,6,0) -> 0 | I680: =VLOOKUP(A680,Sheet2!C:G,5,0) -> 0
A681: ندى وليد | B681: 678163084015 | C681: Higher Primary | D681: Science | E681: Resigned | F681: =VLOOKUP(A681,Sheet2!C:D,2,0) -> 2719 | G681: =VLOOKUP(A681,Sheet2!C:E,3,0) -> EG04-EG05-EG06 | H681: =VLOOKUP(A681,Sheet2!A:F,6,0) -> nadawaleed1155@gmail.com | I681: =VLOOKUP(A681,Sheet2!C:G,5,0) -> 01024516454
A682: نورهان طارق | B682: 938102694209 | C682: Higher Primary | D682: Mathematics | E682: Inactive | F682: =VLOOKUP(A682,Sheet2!C:D,2,0) -> 2728 | G682: =VLOOKUP(A682,Sheet2!C:E,3,0) -> EG02-EG03-EG04-EG05-EG06 | H682: =VLOOKUP(A682,Sheet2!A:F,6,0) -> nourhan866@yahoo.com | I682: =VLOOKUP(A682,Sheet2!C:G,5,0) -> 01208185748
A683: محمد عبد الباسط | B683: 913159713718 | C683: Secondary | D683: الرياضيات | E683: Inactive | F683: =VLOOKUP(A683,Sheet2!C:D,2,0) -> 2738 | G683: =VLOOKUP(A683,Sheet2!C:E,3,0) -> EG09-EG10-EG11 | H683: =VLOOKUP(A683,Sheet2!A:F,6,0) -> mbdalbast990@gmail.com | I683: =VLOOKUP(A683,Sheet2!C:G,5,0) -> 01025284144
A684: آية علاء | B684: 487176043708 | C684: Higher Primary | D684: Science | E684: Resigned | F684: =VLOOKUP(A684,Sheet2!C:D,2,0) -> 2744 | G684: =VLOOKUP(A684,Sheet2!C:E,3,0) -> EG04-EG05-EG06 | H684: =VLOOKUP(A684,Sheet2!A:F,6,0) -> aya.alaa85@yahoo.com | I684: =VLOOKUP(A684,Sheet2!C:G,5,0) -> 01159348705
A685: غادة أحمد | B685: =VLOOKUP(A685,Sheet2!A:B,2,0) -> No ID | C685: Lower Primary | D685: اللغة العربية | E685: Backup | F685: =VLOOKUP(A685,Sheet2!C:D,2,0) -> 0 | G685: =VLOOKUP(A685,Sheet2!C:E,3,0) -> EG01-EG02-EG03 | H685: =VLOOKUP(A685,Sheet2!A:F,6,0) -> 0 | I685: =VLOOKUP(A685,Sheet2!C:G,5,0) -> 0
A686: ريهام علام | B686: =VLOOKUP(A686,Sheet2!A:B,2,0) -> No ID | C686: Preparatory | D686: Science | E686: Backup | F686: =VLOOKUP(A686,Sheet2!C:D,2,0) -> 0 | G686: =VLOOKUP(A686,Sheet2!C:E,3,0) -> EG04-EG05-EG06-EG07-EG08-EG09 | H686: =VLOOKUP(A686,Sheet2!A:F,6,0) -> 0 | I686: =VLOOKUP(A686,Sheet2!C:G,5,0) -> 0
A687: محمد علاء | B687: =VLOOKUP(A687,Sheet2!A:B,2,0) -> No ID | C687: Preparatory | D687: Science | E687: Backup | F687: =VLOOKUP(A687,Sheet2!C:D,2,0) -> 0 | G687: =VLOOKUP(A687,Sheet2!C:E,3,0) -> EG04-EG05-EG06-EG07-EG08-EG09 | H687: =VLOOKUP(A687,Sheet2!A:F,6,0) -> 0 | I687: =VLOOKUP(A687,Sheet2!C:G,5,0) -> 0
A688: كريستين سمير | B688: 597190609069 | C688: Higher Primary | D688: English | E688: Resigned | F688: =VLOOKUP(A688,Sheet2!C:D,2,0) -> 2769 | G688: =VLOOKUP(A688,Sheet2!C:E,3,0) -> EG04-EG05-EG06-EG07 | H688: =VLOOKUP(A688,Sheet2!A:F,6,0) -> kristeensamir361@gmail.com | I688: =VLOOKUP(A688,Sheet2!C:G,5,0) -> 0
A689: فاطمة عمر | B689: =VLOOKUP(A689,Sheet2!A:B,2,0) -> No ID | C689: Higher Primary | D689: ICT | E689: Backup | F689: =VLOOKUP(A689,Sheet2!C:D,2,0) -> 0 | G689: =VLOOKUP(A689,Sheet2!C:E,3,0) -> EG04-EG05-EG06 | H689: =VLOOKUP(A689,Sheet2!A:F,6,0) -> 0 | I689: =VLOOKUP(A689,Sheet2!C:G,5,0) -> 0
A690: عبد المغني عبد العظيم | B690: =VLOOKUP(A690,Sheet2!A:B,2,0) -> No ID | C690: Preparatory | D690: اللغة العربية | E690: Backup | F690: =VLOOKUP(A690,Sheet2!C:D,2,0) -> 0 | G690: =VLOOKUP(A690,Sheet2!C:E,3,0) -> EG07-EG08-EG09-EG10-EG11-EG12 | H690: =VLOOKUP(A690,Sheet2!A:F,6,0) -> 0 | I690: =VLOOKUP(A690,Sheet2!C:G,5,0) -> 0
A691: مارتينا مراد | B691: 837150415794 | C691: Lower Primary | D691: Mathematics | E691: Inactive | F691: =VLOOKUP(A691,Sheet2!C:D,2,0) -> 2776 | G691: =VLOOKUP(A691,Sheet2!C:E,3,0) -> EG01-EG02-EG03-EG04-EG05-EG06 | H691: =VLOOKUP(A691,Sheet2!A:F,6,0) -> gorgy7martina@gmail.com | I691: =VLOOKUP(A691,Sheet2!C:G,5,0) -> 0
A692: هدير محمد | B692: 540154691675 | C692: Higher Primary | D692: Science | E692: Resigned | F692: =VLOOKUP(A692,Sheet2!C:D,2,0) -> 2788 | G692: =VLOOKUP(A692,Sheet2!C:E,3,0) -> EG03-EG04-EG05-EG06 | H692: =VLOOKUP(A692,Sheet2!A:F,6,0) -> hadeermuhamad3@gmail.com | I692: =VLOOKUP(A692,Sheet2!C:G,5,0) -> 01270016684. - 03 3563898
A693: مروة صلاح | B693: 782124541790 | C693: Lower Primary | D693: English | E693: Resigned | F693: =VLOOKUP(A693,Sheet2!C:D,2,0) -> 2789 | G693: =VLOOKUP(A693,Sheet2!C:E,3,0) -> EG01-EG02-EG03-EG04-EG05 | H693: =VLOOKUP(A693,Sheet2!A:F,6,0) -> marwacambridge66@gmail.com | I693: =VLOOKUP(A693,Sheet2!C:G,5,0) -> 0
A694: شيرين عزب | B694: =VLOOKUP(A694,Sheet2!A:B,2,0) -> No ID | C694: Lower Primary | D694: English | E694: Backup | F694: =VLOOKUP(A694,Sheet2!C:D,2,0) -> 0 | G694: =VLOOKUP(A694,Sheet2!C:E,3,0) -> EG01-EG02-EG03-EG04-EG05-EG06 | H694: =VLOOKUP(A694,Sheet2!A:F,6,0) -> 0 | I694: =VLOOKUP(A694,Sheet2!C:G,5,0) -> 0
A695: هادي عاطف | B695: =VLOOKUP(A695,Sheet2!A:B,2,0) -> No ID | C695: Higher Primary | D695: الرياضيات | E695: Backup | F695: =VLOOKUP(A695,Sheet2!C:D,2,0) -> 0 | G695: =VLOOKUP(A695,Sheet2!C:E,3,0) -> EG03-EG04-EG05-EG06 | H695: =VLOOKUP(A695,Sheet2!A:F,6,0) -> 0 | I695: =VLOOKUP(A695,Sheet2!C:G,5,0) -> 0
A696: حلمي رضا | B696: =VLOOKUP(A696,Sheet2!A:B,2,0) -> No ID | C696: Preparatory | D696: الرياضيات | E696: Backup | F696: =VLOOKUP(A696,Sheet2!C:D,2,0) -> 0 | G696: =VLOOKUP(A696,Sheet2!C:E,3,0) -> EG07-EG08-EG09 | H696: =VLOOKUP(A696,Sheet2!A:F,6,0) -> 0 | I696: =VLOOKUP(A696,Sheet2!C:G,5,0) -> 0
A697: نوران أنور | B697: 960189502368 | C697: Lower Primary | D697: English | E697: Resigned | F697: =VLOOKUP(A697,Sheet2!C:D,2,0) -> 2786 | G697: =VLOOKUP(A697,Sheet2!C:E,3,0) -> EG01-EG02-EG03 | H697: =VLOOKUP(A697,Sheet2!A:F,6,0) -> nourananwar47@gmail.com | I697: =VLOOKUP(A697,Sheet2!C:G,5,0) -> 0
...

Sheet Data
A1: Tutor Name | B1: Tutor ID | C1: Stage | D1: Subject | E1: Status | F1: HR ID | G1: Stage Range | H1: email | I1: Mobile Number
A2: إيمان محمود | B2: 137198142829 | C2: Lower Primary | D2: Discover | E2: Backup | F2: 1840 | G2: EG04-EG05-EG06 | H2: imaneabada@gmail.com | I2: 01005729272
A3: نسرين زهران | B3: 193156013197 | C3: Lower Primary | D3: Discover | E3: Active | F3: 2172 | G3: EG01-EG02-EG03 | H3: the.peace20006@gmail.com | I3: 01067579926
A4: رحاب حمدي | B4: 838198456425 | C4: Lower Primary | D4: Discover | E4: Active | F4: 2171 | G4: EG01-EG02-EG03 | H4: rehab533@gmail.com | I4: 01019577994
A5: نرمين جلال | B5: 209148542918 | C5: Lower Primary | D5: Discover | E5: Active | F5: 2191 | G5: EG01-EG02-EG03-EG04-EG05 | H5: norenosman11@yahoo.com | I5: 01285292060
A6: ندى عبد النبي | B6: 105150134960 | C6: Lower Primary | D6: Discover | E6: Active | F6: 2212 | G6: EG01-EG02-EG03 | H6: nadalisaid46@gmail.com | I6: 01273190435
A7: مروة مجدي | B7: 189108478931 | C7: Lower Primary | D7: Discover | E7: Active | F7: 2443 | G7: EG01-EG02-EG03 | H7: jodyy2007@gmail.com | I7: 01091927577
A8: يارا سلطان | B8: 919170561064 | C8: Lower Primary | D8: Discover | E8: Active | F8: 2561 | G8: EG01-EG02-EG03 | H8: ywael044@gmail.com | I8: 01271833101
A9: أسماء الحسيني | B9: 623157516497 | C9: Lower Primary | D9: Discover | E9: Active | F9: 2580 | G9: EG01-EG02-EG03 | H9: elhosseinyasmaa@gmail.com | I9: 01006995563
A10: دعاء مصطفى | B10: 634163474745 | C10: Lower Primary | D10: Discover | E10: Active | F10: 2722 | G10: EG01-EG02-EG03-EG04-EG05-EG06 | H10: doaamostafaalis@gmail.com | I10: 01012291825
A11: مونيكا إدوارد | B11: 194190610534 | C11: Lower Primary | D11: Discover | E11: Backup | F11: 2757 | G11: EG01-EG02-EG03-EG04 | H11: moneyedward37@gmail.com | I11: 01277626560
A12: دنيا فاروق | B12: 148126371346 | C12: Lower Primary | D12: Discover | E12: Backup | F12: 2745 | G12: EG01-EG02-EG03 | H12: doniafarouk2811@gmail.com | I12: 01201302647
A13: إيريني عاطف | B13: 530189784630 | C13: Lower Primary | D13: English | E13: Active | F13: 2003 | G13: EG01-EG02-EG03-EG04-EG05 | H13: erineyatef@gmail.com | I13: 01211816220
A14: هبة عبد الحميد | B14: 603187625747 | C14: Lower Primary | D14: English | E14: Active | F14: 2103 | H14: heba.abdelhameed99@gmail.com | I14: 01126571109
A15: مها عبد الله | B15: 865121843486 | C15: Lower Primary | D15: English | E15: Active | F15: 2244 | H15: mahahimony@gmail.com | I15: 01156615561
A16: ميرا هشام | B16: 758108752769 | C16: Lower Primary | D16: English | E16: Active | F16: 2337 | H16: merahesham2000@gmail.com | I16: 01027391210
A17: نوران أسامة | B17: 426167021594 | C17: Lower Primary | D17: English | E17: Active | F17: 2519 | G17: EG01-EG02-EG03-EG04 | H17: nouranyl64@gmail.com | I17: 01010594459
A18: إسراء علاء | B18: 915139613231 | C18: Lower Primary | D18: English | E18: Backup | F18: 2422 | G18: EG01-EG02-EG03-EG04-EG05-EG06-EG07 | H18: esraalaa25@gmail.com | I18: 01091311114
A19: سارة جرجس | B19: 598135839671 | C19: Lower Primary | D19: English | E19: Active | F19: 2493 | G19: EG01-EG02-EG03-EG04-EG05 | H19: aueed.eteachers@gmail.com | I19: 01270819064
A20: ندى شريف | B20: 695139708380 | C20: Lower Primary | D20: English | E20: Active | F20: 2614 | G20: EG01-EG02-EG03-EG04-EG05 | H20: nadasherif1007@gmail.com
A21: أسماء حمزة | B21: 967160462696 | C21: Lower Primary | D21: English | E21: Active | F21: 2643 | G21: EG01-EG02 | H21: somahamza27@gmail.com
A22: شاهندة عبد العزيز | B22: 135178965350 | C22: Lower Primary | D22: English | E22: Inactive | F22: 2642 | G22: EG01-EG02 | H22: shahendaabdulaziz98@gmail.com | I22: 01004298923
A23: جيهان سمير | B23: 930131871381 | C23: Lower Primary | D23: English | E23: Active | F23: 2715 | G23: EG01-EG02-EG03-EG04-5 | H23: mrsgehan94@gmail.com | I23: 1013586544
A24: ريهام هريدي | B24: 208148393089 | C24: Lower Primary | D24: English | E24: Active | F24: 2695 | G24: EG01-EG02 | H24: reham.haridy17@gmail.com | I24: 01126620688
A25: ندى علي | B25: 406159296081 | C25: Lower Primary | D25: English | E25: Active | F25: 2730 | G25: EG01-EG02-EG03-EG04 | H25: nadaaly58@gmail.com | I25: 01275735695
A26: مارينا عماد | B26: 586170564150 | C26: Lower Primary | D26: English | E26: Active | F26: 2629 | G26: EG01-EG02-EG03-EG04 | H26: marinaemad4922@gmail.com | I26: 01210882072
A27: ماريام أشرف | B27: 450190591429 | C27: Lower Primary | D27: English | E27: Active | F27: 2781 | G27: EG01-EG02-EG03-EG04 | H27: ashrfmaryam557@gmail.com
A28: إيمان جلال | B28: 618168909236 | C28: Lower Primary | D28: English | E28: Active | F28: 2784 | G28: EG01-EG02-EG03-EG04-EG05-EG06 | H28: galaleman21@yahoo.com | I28: 01276133970
A29: نهى لطفي | B29: 729171317072 | C29: Lower Primary | D29: English | E29: Active | F29: 2771 | G29: EG01-EG02-EG03-EG04-EG05-EG06 | H29: nohalotfy33@gmail.com | I29: 01271850094
A30: صفا عادل | B30: 898178084762 | C30: Lower Primary | D30: English | E30: Backup | F30: 2783 | G30: EG01-EG02-EG03-EG04-EG05-EG06 | H30: safaadel499@gmail.com
A31: نجوى بدوي | B31: 193161234392 | C31: Lower Primary | D31: English | E31: Inactive | F31: 2779 | G31: EG01-EG02-EG03 | H31: nosamohamed000@gmail.com
A32: شاهنده محمد | B32: 439182479634 | C32: Lower Primary | D32: English | E32: Active | F32: 2807 | G32: EG01-EG02-EG03-EG04 | H32: shahendamohammad3@gmail.com | I32: 01223315390
A33: أسماء أشرف | B33: 363152838573 | C33: Lower Primary | D33: Mathematics | E33: Active | F33: 2310 | H33: asmaaashraf.aa@gmail.com | I33: 01015511375
A34: آية صبحي | B34: 628128564178 | C34: Lower Primary | D34: Mathematics | E34: Active | F34: 2290 | H34: ayasobhy2014@gmail.com | I34: 01096896433
A35: نورهان هاني | B35: 832181306187 | C35: Lower Primary | D35: Mathematics | E35: Backup | F35: 2436 | G35: EG01-EG02-EG03-EG04-EG05-EG06 | H35: nourhan.hany.amer.1992@gmail.com | I35: 01023766623
A36: آية فتحي | B36: 617181867475 | C36: Lower Primary | D36: Mathematics | E36: Active | F36: 2428 | G36: EG01-EG02-EG03-EG04-EG05-EG06 | H36: ayafathy1020@gmail.com | I36: 01025755518//01507075518
A37: نورهان ياسر | B37: 957197456092 | C37: Lower Primary | D37: Mathematics | E37: Active | F37: 2427 | G37: EG01-EG02-EG03 | H37: nourhanyasser1999184@gmail.com | I37: 01110620513
A38: إيمان رمضان | B38: 896191427156 | C38: Lower Primary | D38: Mathematics | E38: Active | F38: 2440 | G38: EG01-EG02-EG03 | H38: emanali8134@gmail.com | I38: 01282166883
A39: آية عادل | B39: 304149687570 | C39: Lower Primary | D39: Mathematics | E39: Active | F39: 2454 | G39: EG01-EG02-EG03 | H39: aya963539@gmail.com | I39: 01064460758
A40: دينا رضوان | B40: 590135797239 | C40: Lower Primary | D40: Mathematics | E40: Active | F40: 2447 | G40: EG01-EG02-EG03-EG04-EG05 | H40: dinaradwan109@gmail.com | I40: 01144211463
A41: سمية محمد | B41: 142195036319 | C41: Lower Primary | D41: Mathematics | E41: Active | F41: 2445 | G41: EG01-EG02-EG03-EG04-EG05-EG06 | H41: somaiamohmed2050@gmail.com | I41: 01096034557
A42: نورهان فاضل | B42: 927186502806 | C42: Lower Primary | D42: Mathematics | E42: Active | F42: 2596 | G42: EG01-EG02-EG03-EG04-EG05 | H42: nourhan.fdel5@gmail.com | I42: 01091234112
A43: مريم الجوهري | B43: 498123203923 | C43: Lower Primary | D43: Mathematics | E43: Active | F43: 2055 | G43: EG01-EG02-EG03 | H43: mariamelgohary8@gmail.com
A44: ياسمين إيهاب | B44: 206164640790 | C44: Lower Primary | D44: Mathematics | E44: Active | F44: 2623 | G44: EG01-EG02-EG03-EG04-EG05-EG06 | H44: yasmin.ihab.abdelwahed@hotmail.com
A45: شيماء نبيل | B45: 852141603272 | C45: Lower Primary | D45: اكتشف | E45: Active | F45: 2179 | G45: EG01-EG02 | H45: shaimaa.nabil2410@gmail.com | I45: 01013159595
A46: ياسمين محروس | B46: 387193739376 | C46: Lower Primary | D46: اكتشف | E46: Active | F46: 2246 | G46: EG01-EG02-EG03-EG04-EG05-EG06- | H46: yoyotamer2345@gmail.com | I46: 01114556924
A47: نرمين صبري | B47: 162170576960 | C47: Lower Primary | D47: الرياضيات | E47: Active | F47: 2215 | H47: nermeensabry992@gmail.com | I47: 01284529778
A48: مروة عبد الشافي | B48: 797175802139 | C48: Lower Primary | D48: الرياضيات | E48: Active | F48: 2266 | H48: marmar.elmahdy@gmail.com | I48: 01061732805-01289867044
A49: فاطمة لبيب | B49: 374143640395 | C49: Lower Primary | D49: الرياضيات | E49: Active | F49: 2473 | G49: EG01-EG02-EG03-EG04-EG05-EG06 | H49: fatmalabib041@gmail.com | I49: 01019758284
A50: حسين حلمي | B50: 318195473726 | C50: Lower Primary | D50: الرياضيات | E50: Backup | F50: 2072 | G50: EG01-EG02-EG03 | H50: hussienhelmy54@gmail.com | I50: 01222364937
A51: نهلة يسري | B51: 310146136271 | C51: Lower Primary | D51: الرياضيات | E51: Backup | F51: 2702 | G51: EG01-EG02-EG03-EG04-EG05-EG06 | H51: nahlayousry6@gmail.com
A52: إبراهيم طارق | B52: 376107598539 | C52: Lower Primary | D52: اللغة العربية | E52: Active | F52: 2092 | G52: EG01-EG02-EG03-EG04-EG05-EG06 | H52: ibrahimelzayan@gmail.com | I52: 01141139184
A53: سارة عبد الحميد | B53: 538160861310 | C53: Lower Primary | D53: اللغة العربية | E53: Active | F53: 2178 | G53: EG01-EG02-EG03 | H53: sara.mohmed409@gmail.com | I53: 01155026319
A54: إيمان شاكر | B54: 486125208283 | C54: Lower Primary | D54: اللغة العربية | E54: Active | F54: 2273 | G54: EG01-EG02-EG03-EG04-EG05-EG06 | H54: emanshaker81@gmail.com | I54: 0201114924955
A55: دعاء زكريا | B55: 689140818514 | C55: Lower Primary | D55: اللغة العربية | E55: Active | F55: 2278 | G55: EG01-EG02-EG03-EG04-EG05-EG06 | H55: douaazika@gmail.com
A56: ياسمين محمد | B56: 948108182631 | C56: Lower Primary | D56: اللغة العربية | E56: Active | F56: 2321 | G56: سنعتمد عليها في الترم الثاني EG01-EG02-EG03 | H56: myasmine116@gmail.com | I56: 01015633019
A57: إنجي مختار | B57: 215195154738 | C57: Lower Primary | D57: اللغة العربية | E57: Active | F57: 2441 | G57: EG01-EG02-EG03 | H57: enjymokhtar.219@gmail.com | I57: 01201521125
A58: شيماء كمال | B58: 257176871480 | C58: Lower Primary | D58: اللغة العربية | E58: Active | F58: 2461 | G58: EG01-EG02-EG03 | H58: shimaakamal553@gmail.com | I58: 01157711782
A59: أسماء قاسم | B59: 183129070275 | C59: Lower Primary | D59: اللغة العربية | E59: Active | F59: 2458 | G59: EG01-EG02-EG03 | H59: asmaakasem25@hotmail.com | I59: 01100109067
A60: شيماء حسين فهمي | B60: 573149872824 | C60: Lower Primary | D60: اللغة العربية | E60: Active | F60: 2491 | G60: EG01-EG02-EG03 | H60: shimaahussain2@gmail.com | I60: 01016634509
A61: منال إبراهيم | B61: 974169434219 | C61: Lower Primary | D61: اللغة العربية | E61: Backup | F61: 2448 | G61: EG01-EG02-EG03 | H61: manalabdelnaby10@gmail.com
A62: شيماء سليمان | B62: 574161321575 | C62: Lower Primary | D62: اللغة العربية | E62: Active | F62: 2581 | G62: EG01-EG02-EG03 | H62: shimosoliman4016@gmail.com
A63: أماني سعد | B63: 879135754897 | C63: Lower Primary | D63: اللغة العربية | E63: Active | F63: 2619 | G63: EG01-EG02-EG03 | H63: amanianas217@gmail.com | I63: 01001014795
A64: آلاء أشرف | B64: 865163793520 | C64: Lower Primary | D64: اللغة العربية | E64: Active | F64: 2703 | G64: EG01-EG02-EG03-EG04 | H64: alaa.work91@gmail.com | I64: 1006108593
A65: سارة سعيد | B65: 923168406232 | C65: Lower Primary | D65: اللغة العربية | E65: Active | F65: 2735 | G65: EG01-EG02-EG03-EG04-EG05-EG06 | H65: sosajojo29@gmail.com | I65: 01211339318
A66: زينب سمير | B66: 762178172726 | C66: Lower Primary | D66: اللغة العربية | E66: Active | F66: 2720 | G66: EG01-EG02-EG03-EG04-EG05-EG06 | H66: zeinabsamirsamir@gmail.com
A67: أميرة غيث | B67: 962134062378 | C67: Higher Primary | D67: English | E67: Active | F67: 1963 | H67: amiraghth@gmail.com | I67: 01119682313
A68: طه محمد | B68: 403165323978 | C68: Higher Primary | D68: English | E68: Active | F68: 1990 | H68: tahaeldaowdy@gmail.com | I68: +201119688644
A69: رافد سلمان | B69: 162140810204 | C69: Higher Primary | D69: English | E69: Active | F69: 2153 | H69: der7afer@gmail.com | I69: 01145433963
A70: إيمان عطية | B70: 457195859749 | C70: Higher Primary | D70: English | E70: Backup | F70: 2311 | H70: eman.ismail89@gmail.com | I70: 01098433794
A71: دينا حسين | B71: 285101463697 | C71: Higher Primary | D71: English | E71: Active | F71: 2357 | G71: EG04-EG05-EG06-EG07-EG08-EG09 | H71: elsayeddina@hotmail.com | I71: 01114432985
A72: ريم الديب | B72: 958105146807 | C72: Higher Primary | D72: English | E72: Active | F72: 2401 | G72: EG4-EG5-EG6-EG7-EG8-EG9 | H72: raldeeb.hesham@gmail.com | I72: 01010014454
A73: مرام طارق | B73: 315145768378 | C73: Higher Primary | D73: English | E73: Active | F73: 2421 | G73: EG4-EG5-EG6-EG7-EG8-EG9 | H73: maram.tareq1988@gmail.com | I73: 01550116087
A74: إيمان فؤاد | B74: 234189763426 | C74: Higher Primary | D74: English | E74: Active | F74: 2426 | G74: EG4-EG5-EG6-EG7-EG8-EG9 | H74: efouad774@gmail.com | I74: 01203102091
A75: دعاء أبو الحديد | B75: 284156708018 | C75: Higher Primary | D75: English | E75: Active | F75: 2439 | G75: EG04-EG05-EG06-EG07 | H75: doaa.aboelhadid@gmail.com | I75: 01090759683
A76: شيرين محمد | B76: 574109525960 | C76: Higher Primary | D76: English | E76: Backup | F76: 2471 | G76: EG04-EG05-EG06-EG07-EG08-EG09 | H76: sherin.mohamed.hafez@gmail.com | I76: 01017179234
A77: إيمان حسن | B77: 204103586289 | C77: Higher Primary | D77: English | E77: Active | F77: 2550 | G77: EG03-EG04-EG05-EG06 | H77: eh718010@gmail.com | I77: 01011118294
A78: محمد شعبان | B78: 203175727593 | C78: Higher Primary | D78: English | E78: Active | F78: 2626 | G78: EG04-EG05-EG06 | H78: ms3455672@gmail.com | I78: 01068974535
A79: نورهان عماد | B79: 276184302392 | C79: Higher Primary | D79: English | E79: Active | F79: 2557 | G79: EG04-EG05-EG06 | H79: nourhanemad92@gmail.com | I79: 01007704272
A80: ريهام أحمد | B80: 165185273620 | C80: Higher Primary | D80: English | E80: Active | F80: 2617 | G80: EG04-EG05-EG06-EG07-EG08-EG09 | H80: rihamaql@gmail.com
A81: سارة عادل | B81: 494132147854 | C81: Higher Primary | D81: English | E81: Active | F81: 2644 | G81: EG04-EG05-EG06-EG07-EG08-EG09 | H81: sarahadel25@gmail.com | I81: 01221284747
A82: مصطفى عتمان | B82: 179182107469 | C82: Higher Primary | D82: English | E82: Active | F82: 2676 | G82: EG04-EG05-EG06 | H82: ettmanmostafa@gmail.com | I82: 01002002430
A83: ناريمان الشاعر | B83: 390140483239 | C83: Higher Primary | D83: English | E83: Active | F83: 2671 | G83: EG04-EG05-EG06 | H83: narimanelshaer29@gmail.com | I83: 01068481234
A84: ياسمين زكي | B84: 302164164286 | C84: Higher Primary | D84: English | E84: Backup | F84: 2685 | G84: EG04-EG05 | H84: yasmin.t.zaki@gmail.com
A85: عمرو موافي | B85: 102186959703 | C85: Higher Primary | D85: English | E85: Backup | F85: 2684 | G85: EG04-EG05-EG06-7-8 | H85: amrmowafy2025@gmail.com | I85: 01004917420
A86: ندى صيام | B86: 435167307015 | C86: Higher Primary | D86: English | E86: Inactive | F86: 2723 | G86: EG04-EG05-EG06 | H86: nadasiam055@gmail.com | I86: 01025277618
A87: نجوى نوير | B87: 219178041630 | C87: Higher Primary | D87: English | E87: Backup | F87: 2686 | G87: EG04-EG05-EG06 | H87: nagwaneweir@gmail.com | I87: 01000321191
A88: بيتر جورج | B88: 643120708265 | C88: Higher Primary | D88: English | E88: Active | F88: 2698 | G88: EG04-EG05-EG06-EG07-EG08-EG09 | H88: peter.hanna.said@gmail.com | I88: 01023587845
A89: إياد سيد | B89: 424185416756 | C89: Higher Primary | D89: English | E89: Backup | F89: 2693 | G89: EG04-EG05-EG06 | H89: eyadsayed2016@gmail.com | I89: 01225926326
A90: سمر السيد | B90: 953168381683 | C90: Higher Primary | D90: English | E90: Active | F90: 2667 | G90: EG04-EG05-EG06 | H90: samarhtt88@gmail.com
A91: بسمة فؤاد | B91: 548159074528 | C91: Higher Primary | D91: English | E91: Active | F91: 2725 | G91: EG04-EG05-EG06-7 | H91: basma.fouad@yahoo.com | I91: 01099743661
A92: منى الشاعر | B92: 759196045212 | C92: Higher Primary | D92: English | E92: Active | F92: 2751 | G92: EG04-EG05-EG06 | H92: monakoka010@gmail.com | I92: 01141513173
A93: سمير فرج | B93: 680125089292 | C93: Higher Primary | D93: English | E93: Active | F93: 2597 | G93: EG04-EG05-EG06-EG07-EG08-EG09 | H93: mr.samiribrahim@yahoo.com | I93: 01200100441
A94: نهى إبراهيم | B94: 713154590107 | C94: Higher Primary | D94: English | E94: Active | F94: 2691 | G94: EG04-EG05-EG06 | H94: nohaibrahim1310@gmail.com | I94: 1013522250
A95: إبراهيم عبد العليم | B95: 364193795818 | C95: Higher Primary | D95: English | E95: Backup | F95: 2717 | G95: EG04-EG05-EG06 | H95: ibrahimabdelaliem591@gmail.com | I95: 01013720278
A96: سهر السيد | B96: 108171586739 | C96: Higher Primary | D96: English | E96: Active | F96: 2707 | G96: EG04-EG05-EG06 | H96: mrs.sahar.savvy@gmail.com
A97: محمد سيد | B97: 625187252525 | C97: Higher Primary | D97: English | E97: Backup | F97: 2670 | G97: EG04-EG05-EG06-EG07-EG08-EG09-10-11 | H97: omer_mohamed2009@yahoo.com | I97: 00201017573880
A98: دعاء عماد الدين | B98: 409109172938 | C98: Higher Primary | D98: English | E98: Backup | F98: 2765 | G98: EG04-EG05-EG06-EG07-EG08-EG09 | H98: doaaemadeldin6@gmail.com | I98: 01099093013
A99: يوسف محمود | B99: 356132167530 | C99: Higher Primary | D99: English | E99: Backup | F99: 2767 | G99: EG04-EG05-EG06-EG07-EG08-EG09 | H99: ymy201010@gmail.com
A100: نهلة اليماني | B100: 186143210451 | C100: Higher Primary | D100: English | E100: Active | F100: 2632 | G100: EG04-EG05-EG06-EG07 | H100: nahla.y2013@gmail.com | I100: 01015128248
...

Sheet Sheet2
A1: =IFERROR(__xludf.DUMMYFUNCTION("IMPORTRANGE(""https://docs.google.com/spreadsheets/d/196Silsrf5-pGVgMAh12IsxqLLk10J-5WvEmb-v-qEgc/edit?pli=1&gid=91105518#gid=91105518"", ""Tutors Data!B:B"")"),"Tutor Name") -> Tutor Name | B1: =IFERROR(__xludf.DUMMYFUNCTION("IMPORTRANGE(""https://docs.google.com/spreadsheets/d/196Silsrf5-pGVgMAh12IsxqLLk10J-5WvEmb-v-qEgc/edit?pli=1&gid=91105518#gid=91105518"", ""Tutors Data!a:a"")"),"Tutor ID") -> Tutor ID | C1: =IFERROR(__xludf.DUMMYFUNCTION("IMPORTRANGE(""https://docs.google.com/spreadsheets/d/196Silsrf5-pGVgMAh12IsxqLLk10J-5WvEmb-v-qEgc/edit?pli=1&gid=91105518#gid=91105518"", ""Tutors Data!B:B"")"),"Tutor Name") -> Tutor Name | D1: =IFERROR(__xludf.DUMMYFUNCTION("IMPORTRANGE(""https://docs.google.com/spreadsheets/d/196Silsrf5-pGVgMAh12IsxqLLk10J-5WvEmb-v-qEgc/edit?pli=1&gid=91105518#gid=91105518"", ""Tutors Data!d:d"")"),"HR ID") -> HR ID | E1: =IFERROR(__xludf.DUMMYFUNCTION("IMPORTRANGE(""https://docs.google.com/spreadsheets/d/196Silsrf5-pGVgMAh12IsxqLLk10J-5WvEmb-v-qEgc/edit?pli=1&gid=91105518#gid=91105518"", ""Tutors Data!g:g"")"),"Stage") -> Stage | F1: =IFERROR(__xludf.DUMMYFUNCTION("IMPORTRANGE(""https://docs.google.com/spreadsheets/d/196Silsrf5-pGVgMAh12IsxqLLk10J-5WvEmb-v-qEgc/edit?pli=1&gid=91105518#gid=91105518"", ""Tutors Data!h:i"")"),"email") -> email | G1: =IFERROR(__xludf.DUMMYFUNCTION("""COMPUTED_VALUE"""),"Mobile Number") -> Mobile Number
A2: =IFERROR(__xludf.DUMMYFUNCTION("""COMPUTED_VALUE"""),"أحمد حاتم") -> أحمد حاتم | B2: =IFERROR(__xludf.DUMMYFUNCTION("""COMPUTED_VALUE"""),179169073012) -> 179169073012 | C2: =IFERROR(__xludf.DUMMYFUNCTION("""COMPUTED_VALUE"""),"أحمد حاتم") -> أحمد حاتم | D2: =IFERROR(__xludf.DUMMYFUNCTION("""COMPUTED_VALUE"""),"888") -> 888 | F2: =IFERROR(__xludf.DUMMYFUNCTION("""COMPUTED_VALUE"""),"ahmed.hatem@nagwa.com") -> ahmed.hatem@nagwa.com | G2: =IFERROR(__xludf.DUMMYFUNCTION("""COMPUTED_VALUE"""),201156629949) -> 201156629949
A3: =IFERROR(__xludf.DUMMYFUNCTION("""COMPUTED_VALUE"""),"مازن جاد") -> مازن جاد | B3: =IFERROR(__xludf.DUMMYFUNCTION("""COMPUTED_VALUE"""),452123973904) -> 452123973904 | C3: =IFERROR(__xludf.DUMMYFUNCTION("""COMPUTED_VALUE"""),"مازن جاد") -> مازن جاد | D3: =IFERROR(__xludf.DUMMYFUNCTION("""COMPUTED_VALUE"""),"1330") -> 1330 | F3: =IFERROR(__xludf.DUMMYFUNCTION("""COMPUTED_VALUE"""),"s-mazenhafez@zewailcity.edu.eg") -> s-mazenhafez@zewailcity.edu.eg
A4: =IFERROR(__xludf.DUMMYFUNCTION("""COMPUTED_VALUE"""),"ربيع الدوحة") -> ربيع الدوحة | B4: =IFERROR(__xludf.DUMMYFUNCTION("""COMPUTED_VALUE"""),656179636850) -> 656179636850 | C4: =IFERROR(__xludf.DUMMYFUNCTION("""COMPUTED_VALUE"""),"ربيع الدوحة") -> ربيع الدوحة | D4: =IFERROR(__xludf.DUMMYFUNCTION("""COMPUTED_VALUE"""),"110") -> 110 | E4: =IFERROR(__xludf.DUMMYFUNCTION("""COMPUTED_VALUE"""),"EG07-EG08-EG09-EG10-EG11-EG12") -> EG07-EG08-EG09-EG10-EG11-EG12 | F4: =IFERROR(__xludf.DUMMYFUNCTION("""COMPUTED_VALUE"""),"rabeeelshaer1@gmail.com") -> rabeeelshaer1@gmail.com
A5: =IFERROR(__xludf.DUMMYFUNCTION("""COMPUTED_VALUE"""),"رضا جبريل") -> رضا جبريل | B5: =IFERROR(__xludf.DUMMYFUNCTION("""COMPUTED_VALUE"""),198159430149) -> 198159430149 | C5: =IFERROR(__xludf.DUMMYFUNCTION("""COMPUTED_VALUE"""),"رضا جبريل") -> رضا جبريل | D5: =IFERROR(__xludf.DUMMYFUNCTION("""COMPUTED_VALUE"""),"1083") -> 1083 | E5: =IFERROR(__xludf.DUMMYFUNCTION("""COMPUTED_VALUE"""),"EG10-EG11-EG12") -> EG10-EG11-EG12
A6: =IFERROR(__xludf.DUMMYFUNCTION("""COMPUTED_VALUE"""),"عبير فؤاد") -> عبير فؤاد | B6: =IFERROR(__xludf.DUMMYFUNCTION("""COMPUTED_VALUE"""),893170457017) -> 893170457017 | C6: =IFERROR(__xludf.DUMMYFUNCTION("""COMPUTED_VALUE"""),"عبير فؤاد") -> عبير فؤاد | D6: =IFERROR(__xludf.DUMMYFUNCTION("""COMPUTED_VALUE"""),"1245") -> 1245 | F6: =IFERROR(__xludf.DUMMYFUNCTION("""COMPUTED_VALUE"""),"abeer.fouad@nagwa.com") -> abeer.fouad@nagwa.com | G6: =IFERROR(__xludf.DUMMYFUNCTION("""COMPUTED_VALUE"""),201090406534) -> 201090406534
A7: =IFERROR(__xludf.DUMMYFUNCTION("""COMPUTED_VALUE"""),"عبد الله معين") -> عبد الله معين | B7: =IFERROR(__xludf.DUMMYFUNCTION("""COMPUTED_VALUE"""),130151805637) -> 130151805637 | C7: =IFERROR(__xludf.DUMMYFUNCTION("""COMPUTED_VALUE"""),"عبد الله معين") -> عبد الله معين | D7: =IFERROR(__xludf.DUMMYFUNCTION("""COMPUTED_VALUE"""),"145") -> 145 | E7: =IFERROR(__xludf.DUMMYFUNCTION("""COMPUTED_VALUE"""),"EG04-EG05-EG06-EG07-EG08-EG09-EG10-EG11-EG12") -> EG04-EG05-EG06-EG07-EG08-EG09-EG10-EG11-EG12 | F7: =IFERROR(__xludf.DUMMYFUNCTION("""COMPUTED_VALUE"""),"abdallah.moeenn@gmail.com") -> abdallah.moeenn@gmail.com
A8: =IFERROR(__xludf.DUMMYFUNCTION("""COMPUTED_VALUE"""),"محمد البدساوي") -> محمد البدساوي | B8: =IFERROR(__xludf.DUMMYFUNCTION("""COMPUTED_VALUE"""),143165762069) -> 143165762069 | C8: =IFERROR(__xludf.DUMMYFUNCTION("""COMPUTED_VALUE"""),"محمد البدساوي") -> محمد البدساوي | D8: =IFERROR(__xludf.DUMMYFUNCTION("""COMPUTED_VALUE"""),"737") -> 737 | E8: =IFERROR(__xludf.DUMMYFUNCTION("""COMPUTED_VALUE"""),"EG04-EG05-EG06-EG07-EG08-EG09-EG10-EG11-EG12") -> EG04-EG05-EG06-EG07-EG08-EG09-EG10-EG11-EG12 | F8: =IFERROR(__xludf.DUMMYFUNCTION("""COMPUTED_VALUE"""),"mohamed.eid@nagwa.com") -> mohamed.eid@nagwa.com
A9: =IFERROR(__xludf.DUMMYFUNCTION("""COMPUTED_VALUE"""),"محمد إسماعيل") -> محمد إسماعيل | B9: =IFERROR(__xludf.DUMMYFUNCTION("""COMPUTED_VALUE"""),906184953437) -> 906184953437 | C9: =IFERROR(__xludf.DUMMYFUNCTION("""COMPUTED_VALUE"""),"محمد إسماعيل") -> محمد إسماعيل | D9: =IFERROR(__xludf.DUMMYFUNCTION("""COMPUTED_VALUE"""),"1763") -> 1763 | F9: =IFERROR(__xludf.DUMMYFUNCTION("""COMPUTED_VALUE"""),"ismailm1989@gmail.com") -> ismailm1989@gmail.com | G9: =IFERROR(__xludf.DUMMYFUNCTION("""COMPUTED_VALUE"""),201129525491) -> 201129525491
A10: =IFERROR(__xludf.DUMMYFUNCTION("""COMPUTED_VALUE"""),"عمرو خطاب") -> عمرو خطاب | B10: =IFERROR(__xludf.DUMMYFUNCTION("""COMPUTED_VALUE"""),159150394389) -> 159150394389 | C10: =IFERROR(__xludf.DUMMYFUNCTION("""COMPUTED_VALUE"""),"عمرو خطاب") -> عمرو خطاب | D10: =IFERROR(__xludf.DUMMYFUNCTION("""COMPUTED_VALUE"""),"443") -> 443 | F10: =IFERROR(__xludf.DUMMYFUNCTION("""COMPUTED_VALUE"""),"amr.khattab@nagwa.com") -> amr.khattab@nagwa.com
A11: =IFERROR(__xludf.DUMMYFUNCTION("""COMPUTED_VALUE"""),"حسين مصطفى") -> حسين مصطفى | B11: =IFERROR(__xludf.DUMMYFUNCTION("""COMPUTED_VALUE"""),467134069813) -> 467134069813 | C11: =IFERROR(__xludf.DUMMYFUNCTION("""COMPUTED_VALUE"""),"حسين مصطفى") -> حسين مصطفى | D11: =IFERROR(__xludf.DUMMYFUNCTION("""COMPUTED_VALUE"""),"1127") -> 1127 | E11: =IFERROR(__xludf.DUMMYFUNCTION("""COMPUTED_VALUE"""),"EG04-EG05-EG06-EG07-EG08-EG09-EG10-EG11-EG12") -> EG04-EG05-EG06-EG07-EG08-EG09-EG10-EG11-EG12 | F11: =IFERROR(__xludf.DUMMYFUNCTION("""COMPUTED_VALUE"""),"hussein.mostafa@nagwa.com") -> hussein.mostafa@nagwa.com | G11: =IFERROR(__xludf.DUMMYFUNCTION("""COMPUTED_VALUE"""),201091050146) -> 201091050146
A12: =IFERROR(__xludf.DUMMYFUNCTION("""COMPUTED_VALUE"""),"علياء مكاوي") -> علياء مكاوي | B12: =IFERROR(__xludf.DUMMYFUNCTION("""COMPUTED_VALUE"""),615158327698) -> 615158327698 | C12: =IFERROR(__xludf.DUMMYFUNCTION("""COMPUTED_VALUE"""),"علياء مكاوي") -> علياء مكاوي | D12: =IFERROR(__xludf.DUMMYFUNCTION("""COMPUTED_VALUE"""),"1471") -> 1471 | E12: =IFERROR(__xludf.DUMMYFUNCTION("""COMPUTED_VALUE"""),"EG04-EG05-EG06-EG07-EG08-EG09") -> EG04-EG05-EG06-EG07-EG08-EG09 | F12: =IFERROR(__xludf.DUMMYFUNCTION("""COMPUTED_VALUE"""),"aliaa.makkawy@nagwa.com") -> aliaa.makkawy@nagwa.com | G12: =IFERROR(__xludf.DUMMYFUNCTION("""COMPUTED_VALUE"""),201063570903) -> 201063570903
A13: =IFERROR(__xludf.DUMMYFUNCTION("""COMPUTED_VALUE"""),"زينة الشيخ") -> زينة الشيخ | B13: =IFERROR(__xludf.DUMMYFUNCTION("""COMPUTED_VALUE"""),632164034291) -> 632164034291 | C13: =IFERROR(__xludf.DUMMYFUNCTION("""COMPUTED_VALUE"""),"زينة الشيخ") -> زينة الشيخ | D13: =IFERROR(__xludf.DUMMYFUNCTION("""COMPUTED_VALUE"""),"1004") -> 1004 | E13: =IFERROR(__xludf.DUMMYFUNCTION("""COMPUTED_VALUE"""),"EG04-EG05-EG06-EG07-EG08-EG09") -> EG04-EG05-EG06-EG07-EG08-EG09 | F13: =IFERROR(__xludf.DUMMYFUNCTION("""COMPUTED_VALUE"""),"zeina.elsheikh@nagwa.com") -> zeina.elsheikh@nagwa.com | G13: =IFERROR(__xludf.DUMMYFUNCTION("""COMPUTED_VALUE"""),"01097890222") -> 01097890222
A14: =IFERROR(__xludf.DUMMYFUNCTION("""COMPUTED_VALUE"""),"إسلام محمد") -> إسلام محمد | B14: =IFERROR(__xludf.DUMMYFUNCTION("""COMPUTED_VALUE"""),170181505929) -> 170181505929 | C14: =IFERROR(__xludf.DUMMYFUNCTION("""COMPUTED_VALUE"""),"إسلام محمد") -> إسلام محمد | D14: =IFERROR(__xludf.DUMMYFUNCTION("""COMPUTED_VALUE"""),"1647") -> 1647 | F14: =IFERROR(__xludf.DUMMYFUNCTION("""COMPUTED_VALUE"""),"eslam.mohamed@nagwa.com") -> eslam.mohamed@nagwa.com | G14: =IFERROR(__xludf.DUMMYFUNCTION("""COMPUTED_VALUE"""),"01097158020") -> 01097158020
A15: =IFERROR(__xludf.DUMMYFUNCTION("""COMPUTED_VALUE"""),"محمد رفعت") -> محمد رفعت | B15: =IFERROR(__xludf.DUMMYFUNCTION("""COMPUTED_VALUE"""),698108096794) -> 698108096794 | C15: =IFERROR(__xludf.DUMMYFUNCTION("""COMPUTED_VALUE"""),"محمد رفعت") -> محمد رفعت | D15: =IFERROR(__xludf.DUMMYFUNCTION("""COMPUTED_VALUE"""),"1776") -> 1776 | F15: =IFERROR(__xludf.DUMMYFUNCTION("""COMPUTED_VALUE"""),"seniormaths25@gmail.com") -> seniormaths25@gmail.com | G15: =IFERROR(__xludf.DUMMYFUNCTION("""COMPUTED_VALUE"""),"01129242524") -> 01129242524
A16: =IFERROR(__xludf.DUMMYFUNCTION("""COMPUTED_VALUE"""),"نورهان حشاد") -> نورهان حشاد | B16: =IFERROR(__xludf.DUMMYFUNCTION("""COMPUTED_VALUE"""),408124082075) -> 408124082075 | C16: =IFERROR(__xludf.DUMMYFUNCTION("""COMPUTED_VALUE"""),"نورهان حشاد") -> نورهان حشاد | D16: =IFERROR(__xludf.DUMMYFUNCTION("""COMPUTED_VALUE"""),1363) -> 1363 | F16: =IFERROR(__xludf.DUMMYFUNCTION("""COMPUTED_VALUE"""),"nourhan.hashad@nagwa.com") -> nourhan.hashad@nagwa.com | G16: =IFERROR(__xludf.DUMMYFUNCTION("""COMPUTED_VALUE"""),201112094005) -> 201112094005
A17: =IFERROR(__xludf.DUMMYFUNCTION("""COMPUTED_VALUE"""),"أحمد عماد") -> أحمد عماد | B17: =IFERROR(__xludf.DUMMYFUNCTION("""COMPUTED_VALUE"""),352134305787) -> 352134305787 | C17: =IFERROR(__xludf.DUMMYFUNCTION("""COMPUTED_VALUE"""),"أحمد عماد") -> أحمد عماد | D17: =IFERROR(__xludf.DUMMYFUNCTION("""COMPUTED_VALUE"""),"1212") -> 1212
A18: =IFERROR(__xludf.DUMMYFUNCTION("""COMPUTED_VALUE"""),"شادي خالد") -> شادي خالد | B18: =IFERROR(__xludf.DUMMYFUNCTION("""COMPUTED_VALUE"""),648193010591) -> 648193010591 | C18: =IFERROR(__xludf.DUMMYFUNCTION("""COMPUTED_VALUE"""),"شادي خالد") -> شادي خالد | D18: =IFERROR(__xludf.DUMMYFUNCTION("""COMPUTED_VALUE"""),"1087") -> 1087 | E18: =IFERROR(__xludf.DUMMYFUNCTION("""COMPUTED_VALUE"""),"EG10-EG11-G12") -> EG10-EG11-G12 | F18: =IFERROR(__xludf.DUMMYFUNCTION("""COMPUTED_VALUE"""),"shady.donia@nagwa.com") -> shady.donia@nagwa.com | G18: =IFERROR(__xludf.DUMMYFUNCTION("""COMPUTED_VALUE"""),201119117049) -> 201119117049
A19: =IFERROR(__xludf.DUMMYFUNCTION("""COMPUTED_VALUE"""),"ملك عليوي") -> ملك عليوي | B19: =IFERROR(__xludf.DUMMYFUNCTION("""COMPUTED_VALUE"""),535169041274) -> 535169041274 | C19: =IFERROR(__xludf.DUMMYFUNCTION("""COMPUTED_VALUE"""),"ملك عليوي") -> ملك عليوي | D19: =IFERROR(__xludf.DUMMYFUNCTION("""COMPUTED_VALUE"""),"1490") -> 1490 | E19: =IFERROR(__xludf.DUMMYFUNCTION("""COMPUTED_VALUE"""),"EG10-EG11") -> EG10-EG11 | F19: =IFERROR(__xludf.DUMMYFUNCTION("""COMPUTED_VALUE"""),"malak.maliwy@gmail.com") -> malak.maliwy@gmail.com
A20: =IFERROR(__xludf.DUMMYFUNCTION("""COMPUTED_VALUE"""),"عمرو خليل") -> عمرو خليل | B20: =IFERROR(__xludf.DUMMYFUNCTION("""COMPUTED_VALUE"""),895194823203) -> 895194823203 | C20: =IFERROR(__xludf.DUMMYFUNCTION("""COMPUTED_VALUE"""),"عمرو خليل") -> عمرو خليل | D20: =IFERROR(__xludf.DUMMYFUNCTION("""COMPUTED_VALUE"""),"1779") -> 1779 | F20: =IFERROR(__xludf.DUMMYFUNCTION("""COMPUTED_VALUE"""),"eng.amrkhalil2014@gmail.com") -> eng.amrkhalil2014@gmail.com | G20: =IFERROR(__xludf.DUMMYFUNCTION("""COMPUTED_VALUE"""),201146486750) -> 201146486750
A21: =IFERROR(__xludf.DUMMYFUNCTION("""COMPUTED_VALUE"""),"أحمد هنداوي") -> أحمد هنداوي | B21: =IFERROR(__xludf.DUMMYFUNCTION("""COMPUTED_VALUE"""),238197230360) -> 238197230360 | C21: =IFERROR(__xludf.DUMMYFUNCTION("""COMPUTED_VALUE"""),"أحمد هنداوي") -> أحمد هنداوي | D21: =IFERROR(__xludf.DUMMYFUNCTION("""COMPUTED_VALUE"""),"#N/A") -> #N/A | F21: =IFERROR(__xludf.DUMMYFUNCTION("""COMPUTED_VALUE"""),"ahmed.hindawi@nagwa.com") -> ahmed.hindawi@nagwa.com
A22: =IFERROR(__xludf.DUMMYFUNCTION("""COMPUTED_VALUE"""),"عصام عمر") -> عصام عمر | B22: =IFERROR(__xludf.DUMMYFUNCTION("""COMPUTED_VALUE"""),142159241646) -> 142159241646 | C22: =IFERROR(__xludf.DUMMYFUNCTION("""COMPUTED_VALUE"""),"عصام عمر") -> عصام عمر | D22: =IFERROR(__xludf.DUMMYFUNCTION("""COMPUTED_VALUE"""),"1534") -> 1534 | F22: =IFERROR(__xludf.DUMMYFUNCTION("""COMPUTED_VALUE"""),"essam.omar@nagwa.com") -> essam.omar@nagwa.com | G22: =IFERROR(__xludf.DUMMYFUNCTION("""COMPUTED_VALUE"""),201113618461) -> 201113618461
A23: =IFERROR(__xludf.DUMMYFUNCTION("""COMPUTED_VALUE"""),"محمد رمضان") -> محمد رمضان | B23: =IFERROR(__xludf.DUMMYFUNCTION("""COMPUTED_VALUE"""),940182090410) -> 940182090410 | C23: =IFERROR(__xludf.DUMMYFUNCTION("""COMPUTED_VALUE"""),"محمد رمضان") -> محمد رمضان | D23: =IFERROR(__xludf.DUMMYFUNCTION("""COMPUTED_VALUE"""),"575") -> 575 | F23: =IFERROR(__xludf.DUMMYFUNCTION("""COMPUTED_VALUE"""),"mohammed.elsayed.ramadan@nagwa.com") -> mohammed.elsayed.ramadan@nagwa.com | G23: =IFERROR(__xludf.DUMMYFUNCTION("""COMPUTED_VALUE"""),201025475475) -> 201025475475
A24: =IFERROR(__xludf.DUMMYFUNCTION("""COMPUTED_VALUE"""),"محمد إمام") -> محمد إمام | B24: =IFERROR(__xludf.DUMMYFUNCTION("""COMPUTED_VALUE"""),913169734907) -> 913169734907 | C24: =IFERROR(__xludf.DUMMYFUNCTION("""COMPUTED_VALUE"""),"محمد إمام") -> محمد إمام | D24: =IFERROR(__xludf.DUMMYFUNCTION("""COMPUTED_VALUE"""),"1759") -> 1759 | E24: =IFERROR(__xludf.DUMMYFUNCTION("""COMPUTED_VALUE"""),"EG10-EG11-G12") -> EG10-EG11-G12
A25: =IFERROR(__xludf.DUMMYFUNCTION("""COMPUTED_VALUE"""),"أحمد ياقوت") -> أحمد ياقوت | B25: =IFERROR(__xludf.DUMMYFUNCTION("""COMPUTED_VALUE"""),284105320408) -> 284105320408 | C25: =IFERROR(__xludf.DUMMYFUNCTION("""COMPUTED_VALUE"""),"أحمد ياقوت") -> أحمد ياقوت | D25: =IFERROR(__xludf.DUMMYFUNCTION("""COMPUTED_VALUE"""),"1757") -> 1757 | E25: =IFERROR(__xludf.DUMMYFUNCTION("""COMPUTED_VALUE"""),"لم يقبل نظام المحاسبة الجديد والتسجيلات فقرر الاستقالة، فيرجى التواصل معه وتنفيذ إجراءات إنهاء التعاقد وتسليم العهدة") -> لم يقبل نظام المحاسبة الجديد والتسجيلات فقرر الاستقالة، فيرجى التواصل معه وتنفيذ إجراءات إنهاء التعاقد وتسليم العهدة
A26: =IFERROR(__xludf.DUMMYFUNCTION("""COMPUTED_VALUE"""),"مريم حسين") -> مريم حسين | B26: =IFERROR(__xludf.DUMMYFUNCTION("""COMPUTED_VALUE"""),695180376491) -> 695180376491 | C26: =IFERROR(__xludf.DUMMYFUNCTION("""COMPUTED_VALUE"""),"مريم حسين") -> مريم حسين | D26: =IFERROR(__xludf.DUMMYFUNCTION("""COMPUTED_VALUE"""),"1758") -> 1758 | F26: =IFERROR(__xludf.DUMMYFUNCTION("""COMPUTED_VALUE"""),"mero.mro9@gmail.com") -> mero.mro9@gmail.com
A27: =IFERROR(__xludf.DUMMYFUNCTION("""COMPUTED_VALUE"""),"محمد منصور") -> محمد منصور | B27: =IFERROR(__xludf.DUMMYFUNCTION("""COMPUTED_VALUE"""),560135012165) -> 560135012165 | C27: =IFERROR(__xludf.DUMMYFUNCTION("""COMPUTED_VALUE"""),"محمد منصور") -> محمد منصور | D27: =IFERROR(__xludf.DUMMYFUNCTION("""COMPUTED_VALUE"""),"1760") -> 1760 | E27: =IFERROR(__xludf.DUMMYFUNCTION("""COMPUTED_VALUE"""),"EG10-EG11-G12") -> EG10-EG11-G12 | F27: =IFERROR(__xludf.DUMMYFUNCTION("""COMPUTED_VALUE"""),"mansourphy@gmail.com") -> mansourphy@gmail.com | G27: =IFERROR(__xludf.DUMMYFUNCTION("""COMPUTED_VALUE"""),201069555347) -> 201069555347
A28: =IFERROR(__xludf.DUMMYFUNCTION("""COMPUTED_VALUE"""),"محمود أبو المجد") -> محمود أبو المجد | B28: =IFERROR(__xludf.DUMMYFUNCTION("""COMPUTED_VALUE"""),279170497570) -> 279170497570 | C28: =IFERROR(__xludf.DUMMYFUNCTION("""COMPUTED_VALUE"""),"محمود أبو المجد") -> محمود أبو المجد | D28: =IFERROR(__xludf.DUMMYFUNCTION("""COMPUTED_VALUE"""),"1243") -> 1243 | E28: =IFERROR(__xludf.DUMMYFUNCTION("""COMPUTED_VALUE"""),"EG04-EG05-EG06-G7-جيولوجيا EG12") -> EG04-EG05-EG06-G7-جيولوجيا EG12 | F28: =IFERROR(__xludf.DUMMYFUNCTION("""COMPUTED_VALUE"""),"mahmoud.aboelmagd@nagwa.com") -> mahmoud.aboelmagd@nagwa.com
A29: =IFERROR(__xludf.DUMMYFUNCTION("""COMPUTED_VALUE"""),"أحمد عبد اللطيف") -> أحمد عبد اللطيف | B29: =IFERROR(__xludf.DUMMYFUNCTION("""COMPUTED_VALUE"""),624104658072) -> 624104658072 | C29: =IFERROR(__xludf.DUMMYFUNCTION("""COMPUTED_VALUE"""),"أحمد عبد اللطيف") -> أحمد عبد اللطيف | D29: =IFERROR(__xludf.DUMMYFUNCTION("""COMPUTED_VALUE"""),"1265") -> 1265 | F29: =IFERROR(__xludf.DUMMYFUNCTION("""COMPUTED_VALUE"""),"ahmed.abdellatif@nagwa.com") -> ahmed.abdellatif@nagwa.com | G29: =IFERROR(__xludf.DUMMYFUNCTION("""COMPUTED_VALUE"""),201018842229) -> 201018842229
A30: =IFERROR(__xludf.DUMMYFUNCTION("""COMPUTED_VALUE"""),"رامي فاروق") -> رامي فاروق | B30: =IFERROR(__xludf.DUMMYFUNCTION("""COMPUTED_VALUE"""),680190738426) -> 680190738426 | C30: =IFERROR(__xludf.DUMMYFUNCTION("""COMPUTED_VALUE"""),"رامي فاروق") -> رامي فاروق | D30: =IFERROR(__xludf.DUMMYFUNCTION("""COMPUTED_VALUE"""),"1766") -> 1766 | F30: =IFERROR(__xludf.DUMMYFUNCTION("""COMPUTED_VALUE"""),"ramyfarouk9333@gmail.com") -> ramyfarouk9333@gmail.com | G30: =IFERROR(__xludf.DUMMYFUNCTION("""COMPUTED_VALUE"""),"01224288238") -> 01224288238
A31: =IFERROR(__xludf.DUMMYFUNCTION("""COMPUTED_VALUE"""),"سما الإبراشي") -> سما الإبراشي | B31: =IFERROR(__xludf.DUMMYFUNCTION("""COMPUTED_VALUE"""),156154179702) -> 156154179702 | C31: =IFERROR(__xludf.DUMMYFUNCTION("""COMPUTED_VALUE"""),"سما الإبراشي") -> سما الإبراشي | D31: =IFERROR(__xludf.DUMMYFUNCTION("""COMPUTED_VALUE"""),"1777") -> 1777 | E31: =IFERROR(__xludf.DUMMYFUNCTION("""COMPUTED_VALUE"""),"EG10-EG11-G12") -> EG10-EG11-G12 | F31: =IFERROR(__xludf.DUMMYFUNCTION("""COMPUTED_VALUE"""),"sama.elberashy@gmail.com") -> sama.elberashy@gmail.com | G31: =IFERROR(__xludf.DUMMYFUNCTION("""COMPUTED_VALUE"""),201001344221) -> 201001344221
A32: =IFERROR(__xludf.DUMMYFUNCTION("""COMPUTED_VALUE"""),"مينا جاد") -> مينا جاد | B32: =IFERROR(__xludf.DUMMYFUNCTION("""COMPUTED_VALUE"""),846101762818) -> 846101762818 | C32: =IFERROR(__xludf.DUMMYFUNCTION("""COMPUTED_VALUE"""),"مينا جاد") -> مينا جاد | D32: =IFERROR(__xludf.DUMMYFUNCTION("""COMPUTED_VALUE"""),1781) -> 1781
A33: =IFERROR(__xludf.DUMMYFUNCTION("""COMPUTED_VALUE"""),"أحمد حسن") -> أحمد حسن | B33: =IFERROR(__xludf.DUMMYFUNCTION("""COMPUTED_VALUE"""),480103238452) -> 480103238452 | C33: =IFERROR(__xludf.DUMMYFUNCTION("""COMPUTED_VALUE"""),"أحمد حسن") -> أحمد حسن | D33: =IFERROR(__xludf.DUMMYFUNCTION("""COMPUTED_VALUE"""),"1762") -> 1762 | F33: =IFERROR(__xludf.DUMMYFUNCTION("""COMPUTED_VALUE"""),"ahmedhassan99967@gmail.com") -> ahmedhassan99967@gmail.com | G33: =IFERROR(__xludf.DUMMYFUNCTION("""COMPUTED_VALUE"""),201007787118) -> 201007787118
A34: =IFERROR(__xludf.DUMMYFUNCTION("""COMPUTED_VALUE"""),"جهاد بدر") -> جهاد بدر | B34: =IFERROR(__xludf.DUMMYFUNCTION("""COMPUTED_VALUE"""),524151240185) -> 524151240185 | C34: =IFERROR(__xludf.DUMMYFUNCTION("""COMPUTED_VALUE"""),"جهاد بدر") -> جهاد بدر | D34: =IFERROR(__xludf.DUMMYFUNCTION("""COMPUTED_VALUE"""),"1786") -> 1786 | F34: =IFERROR(__xludf.DUMMYFUNCTION("""COMPUTED_VALUE"""),"gehadbadr89@gmail.com") -> gehadbadr89@gmail.com | G34: =IFERROR(__xludf.DUMMYFUNCTION("""COMPUTED_VALUE"""),"01090297182") -> 01090297182
A35: =IFERROR(__xludf.DUMMYFUNCTION("""COMPUTED_VALUE"""),"طارق سليم") -> طارق سليم | B35: =IFERROR(__xludf.DUMMYFUNCTION("""COMPUTED_VALUE"""),379176206354) -> 379176206354 | C35: =IFERROR(__xludf.DUMMYFUNCTION("""COMPUTED_VALUE"""),"طارق سليم") -> طارق سليم | D35: =IFERROR(__xludf.DUMMYFUNCTION("""COMPUTED_VALUE"""),"1778") -> 1778 | F35: =IFERROR(__xludf.DUMMYFUNCTION("""COMPUTED_VALUE"""),"tareksleem606@gmail.com") -> tareksleem606@gmail.com | G35: =IFERROR(__xludf.DUMMYFUNCTION("""COMPUTED_VALUE"""),201001599199) -> 201001599199
A36: =IFERROR(__xludf.DUMMYFUNCTION("""COMPUTED_VALUE"""),"أحمد علاء") -> أحمد علاء | B36: =IFERROR(__xludf.DUMMYFUNCTION("""COMPUTED_VALUE"""),352179823813) -> 352179823813 | C36: =IFERROR(__xludf.DUMMYFUNCTION("""COMPUTED_VALUE"""),"أحمد علاء") -> أحمد علاء | D36: =IFERROR(__xludf.DUMMYFUNCTION("""COMPUTED_VALUE"""),"1765") -> 1765 | F36: =IFERROR(__xludf.DUMMYFUNCTION("""COMPUTED_VALUE"""),"aassllyyaa68@gmail.com") -> aassllyyaa68@gmail.com
A37: =IFERROR(__xludf.DUMMYFUNCTION("""COMPUTED_VALUE"""),"أحمد عاطف") -> أحمد عاطف | B37: =IFERROR(__xludf.DUMMYFUNCTION("""COMPUTED_VALUE"""),308137598241) -> 308137598241 | C37: =IFERROR(__xludf.DUMMYFUNCTION("""COMPUTED_VALUE"""),"أحمد عاطف") -> أحمد عاطف | D37: =IFERROR(__xludf.DUMMYFUNCTION("""COMPUTED_VALUE"""),"1775") -> 1775 | F37: =IFERROR(__xludf.DUMMYFUNCTION("""COMPUTED_VALUE"""),"ahmedatef386@gmail.com") -> ahmedatef386@gmail.com | G37: =IFERROR(__xludf.DUMMYFUNCTION("""COMPUTED_VALUE"""),201098614126) -> 201098614126
A38: =IFERROR(__xludf.DUMMYFUNCTION("""COMPUTED_VALUE"""),"محمد عصام") -> محمد عصام | B38: =IFERROR(__xludf.DUMMYFUNCTION("""COMPUTED_VALUE"""),592179807615) -> 592179807615 | C38: =IFERROR(__xludf.DUMMYFUNCTION("""COMPUTED_VALUE"""),"محمد عصام") -> محمد عصام | D38: =IFERROR(__xludf.DUMMYFUNCTION("""COMPUTED_VALUE"""),"1277") -> 1277 | E38: =IFERROR(__xludf.DUMMYFUNCTION("""COMPUTED_VALUE"""),"EG07-EG08-EG09") -> EG07-EG08-EG09 | F38: =IFERROR(__xludf.DUMMYFUNCTION("""COMPUTED_VALUE"""),"modares2525@gmail.com") -> modares2525@gmail.com | G38: =IFERROR(__xludf.DUMMYFUNCTION("""COMPUTED_VALUE"""),201116153885) -> 201116153885
A39: =IFERROR(__xludf.DUMMYFUNCTION("""COMPUTED_VALUE"""),"وائل سلطان") -> وائل سلطان | B39: =IFERROR(__xludf.DUMMYFUNCTION("""COMPUTED_VALUE"""),415194597216) -> 415194597216 | C39: =IFERROR(__xludf.DUMMYFUNCTION("""COMPUTED_VALUE"""),"وائل سلطان") -> وائل سلطان | D39: =IFERROR(__xludf.DUMMYFUNCTION("""COMPUTED_VALUE"""),"1787") -> 1787 | F39: =IFERROR(__xludf.DUMMYFUNCTION("""COMPUTED_VALUE"""),"abomahmoudsoultan@gmail.com") -> abomahmoudsoultan@gmail.com | G39: =IFERROR(__xludf.DUMMYFUNCTION("""COMPUTED_VALUE"""),"00201153335900") -> 00201153335900
A40: =IFERROR(__xludf.DUMMYFUNCTION("""COMPUTED_VALUE"""),"أندرو ثروت") -> أندرو ثروت | B40: =IFERROR(__xludf.DUMMYFUNCTION("""COMPUTED_VALUE"""),417127195646) -> 417127195646 | C40: =IFERROR(__xludf.DUMMYFUNCTION("""COMPUTED_VALUE"""),"أندرو ثروت") -> أندرو ثروت | D40: =IFERROR(__xludf.DUMMYFUNCTION("""COMPUTED_VALUE"""),"1788") -> 1788 | E40: =IFERROR(__xludf.DUMMYFUNCTION("""COMPUTED_VALUE"""),"EG07-EG08-EG09") -> EG07-EG08-EG09 | F40: =IFERROR(__xludf.DUMMYFUNCTION("""COMPUTED_VALUE"""),"andrewtharwatfikry@gmail.com") -> andrewtharwatfikry@gmail.com | G40: =IFERROR(__xludf.DUMMYFUNCTION("""COMPUTED_VALUE"""),"01205947696") -> 01205947696
A41: =IFERROR(__xludf.DUMMYFUNCTION("""COMPUTED_VALUE"""),"أحمد علام") -> أحمد علام | B41: =IFERROR(__xludf.DUMMYFUNCTION("""COMPUTED_VALUE"""),492145757573) -> 492145757573 | C41: =IFERROR(__xludf.DUMMYFUNCTION("""COMPUTED_VALUE"""),"أحمد علام") -> أحمد علام | D41: =IFERROR(__xludf.DUMMYFUNCTION("""COMPUTED_VALUE"""),"1789") -> 1789 | E41: =IFERROR(__xludf.DUMMYFUNCTION("""COMPUTED_VALUE"""),"اعتذر عن فصول المراجعة وفصول الترم الثاني لضغط العمل، وسيستقيل. EG07-EG08-EG09-EG10-EG11-EG12") -> اعتذر عن فصول المراجعة وفصول الترم الثاني لضغط العمل، وسيستقيل. EG07-EG08-EG09-EG10-EG11-EG12
A42: =IFERROR(__xludf.DUMMYFUNCTION("""COMPUTED_VALUE"""),"هبة عادل") -> هبة عادل | B42: =IFERROR(__xludf.DUMMYFUNCTION("""COMPUTED_VALUE"""),368106936162) -> 368106936162 | C42: =IFERROR(__xludf.DUMMYFUNCTION("""COMPUTED_VALUE"""),"هبة عادل") -> هبة عادل | D42: =IFERROR(__xludf.DUMMYFUNCTION("""COMPUTED_VALUE"""),"1794") -> 1794 | F42: =IFERROR(__xludf.DUMMYFUNCTION("""COMPUTED_VALUE"""),"hebaadel19952@gmail.com") -> hebaadel19952@gmail.com | G42: =IFERROR(__xludf.DUMMYFUNCTION("""COMPUTED_VALUE"""),201094446118) -> 201094446118
A43: =IFERROR(__xludf.DUMMYFUNCTION("""COMPUTED_VALUE"""),"أحمد الأمير") -> أحمد الأمير | B43: =IFERROR(__xludf.DUMMYFUNCTION("""COMPUTED_VALUE"""),196184054323) -> 196184054323 | C43: =IFERROR(__xludf.DUMMYFUNCTION("""COMPUTED_VALUE"""),"أحمد الأمير") -> أحمد الأمير | D43: =IFERROR(__xludf.DUMMYFUNCTION("""COMPUTED_VALUE"""),"1812") -> 1812 | E43: =IFERROR(__xludf.DUMMYFUNCTION("""COMPUTED_VALUE"""),"EG10-EG11-EG12") -> EG10-EG11-EG12 | F43: =IFERROR(__xludf.DUMMYFUNCTION("""COMPUTED_VALUE"""),"alamir62@yahoo.com") -> alamir62@yahoo.com | G43: =IFERROR(__xludf.DUMMYFUNCTION("""COMPUTED_VALUE"""),"20 1001082530") -> 20 1001082530
A44: =IFERROR(__xludf.DUMMYFUNCTION("""COMPUTED_VALUE"""),"رضا سلامة") -> رضا سلامة | B44: =IFERROR(__xludf.DUMMYFUNCTION("""COMPUTED_VALUE"""),730108091781) -> 730108091781 | C44: =IFERROR(__xludf.DUMMYFUNCTION("""COMPUTED_VALUE"""),"رضا سلامة") -> رضا سلامة | D44: =IFERROR(__xludf.DUMMYFUNCTION("""COMPUTED_VALUE"""),"1816") -> 1816 | F44: =IFERROR(__xludf.DUMMYFUNCTION("""COMPUTED_VALUE"""),"rsalama4569@gmail.com") -> rsalama4569@gmail.com | G44: =IFERROR(__xludf.DUMMYFUNCTION("""COMPUTED_VALUE"""),1223356596) -> 1223356596
A45: =IFERROR(__xludf.DUMMYFUNCTION("""COMPUTED_VALUE"""),"محمد صفوت") -> محمد صفوت | B45: =IFERROR(__xludf.DUMMYFUNCTION("""COMPUTED_VALUE"""),854101526124) -> 854101526124 | C45: =IFERROR(__xludf.DUMMYFUNCTION("""COMPUTED_VALUE"""),"محمد صفوت") -> محمد صفوت | D45: =IFERROR(__xludf.DUMMYFUNCTION("""COMPUTED_VALUE"""),"1817") -> 1817 | E45: =IFERROR(__xludf.DUMMYFUNCTION("""COMPUTED_VALUE"""),"EG07-EG08-EG09-EG10-EG11-EG12") -> EG07-EG08-EG09-EG10-EG11-EG12 | F45: =IFERROR(__xludf.DUMMYFUNCTION("""COMPUTED_VALUE"""),"melbasel101@gmail.com") -> melbasel101@gmail.com
A46: =IFERROR(__xludf.DUMMYFUNCTION("""COMPUTED_VALUE"""),"هالة محمد") -> هالة محمد | B46: =IFERROR(__xludf.DUMMYFUNCTION("""COMPUTED_VALUE"""),207145893968) -> 207145893968 | C46: =IFERROR(__xludf.DUMMYFUNCTION("""COMPUTED_VALUE"""),"هالة محمد") -> هالة محمد | D46: =IFERROR(__xludf.DUMMYFUNCTION("""COMPUTED_VALUE"""),"1826") -> 1826 | E46: =IFERROR(__xludf.DUMMYFUNCTION("""COMPUTED_VALUE"""),"EG04-EG05-EG06") -> EG04-EG05-EG06 | F46: =IFERROR(__xludf.DUMMYFUNCTION("""COMPUTED_VALUE"""),"mhala5855@gmail.com") -> mhala5855@gmail.com
A47: =IFERROR(__xludf.DUMMYFUNCTION("""COMPUTED_VALUE"""),"نورهان المليجي") -> نورهان المليجي | B47: =IFERROR(__xludf.DUMMYFUNCTION("""COMPUTED_VALUE"""),703170132053) -> 703170132053 | C47: =IFERROR(__xludf.DUMMYFUNCTION("""COMPUTED_VALUE"""),"نورهان المليجي") -> نورهان المليجي | D47: =IFERROR(__xludf.DUMMYFUNCTION("""COMPUTED_VALUE"""),"1849") -> 1849 | E47: =IFERROR(__xludf.DUMMYFUNCTION("""COMPUTED_VALUE"""),"EG04-EG05-EG06-EG07-EG08-EG09") -> EG04-EG05-EG06-EG07-EG08-EG09 | F47: =IFERROR(__xludf.DUMMYFUNCTION("""COMPUTED_VALUE"""),"noraalmiligy@gmail.com") -> noraalmiligy@gmail.com | G47: =IFERROR(__xludf.DUMMYFUNCTION("""COMPUTED_VALUE"""),1144280921) -> 1144280921
A48: =IFERROR(__xludf.DUMMYFUNCTION("""COMPUTED_VALUE"""),"نهى علاء") -> نهى علاء | B48: =IFERROR(__xludf.DUMMYFUNCTION("""COMPUTED_VALUE"""),812195754050) -> 812195754050 | C48: =IFERROR(__xludf.DUMMYFUNCTION("""COMPUTED_VALUE"""),"نهى علاء") -> نهى علاء | D48: =IFERROR(__xludf.DUMMYFUNCTION("""COMPUTED_VALUE"""),"1857") -> 1857
A49: =IFERROR(__xludf.DUMMYFUNCTION("""COMPUTED_VALUE"""),"سلمى الليثي") -> سلمى الليثي | B49: =IFERROR(__xludf.DUMMYFUNCTION("""COMPUTED_VALUE"""),306185372078) -> 306185372078 | C49: =IFERROR(__xludf.DUMMYFUNCTION("""COMPUTED_VALUE"""),"سلمى الليثي") -> سلمى الليثي | D49: =IFERROR(__xludf.DUMMYFUNCTION("""COMPUTED_VALUE"""),"1843") -> 1843 | F49: =IFERROR(__xludf.DUMMYFUNCTION("""COMPUTED_VALUE"""),"salmaellaithy96@gmail.com") -> salmaellaithy96@gmail.com | G49: =IFERROR(__xludf.DUMMYFUNCTION("""COMPUTED_VALUE"""),"01099069950") -> 01099069950
A50: =IFERROR(__xludf.DUMMYFUNCTION("""COMPUTED_VALUE"""),"زينب حسن") -> زينب حسن | B50: =IFERROR(__xludf.DUMMYFUNCTION("""COMPUTED_VALUE"""),502168410424) -> 502168410424 | C50: =IFERROR(__xludf.DUMMYFUNCTION("""COMPUTED_VALUE"""),"زينب حسن") -> زينب حسن | D50: =IFERROR(__xludf.DUMMYFUNCTION("""COMPUTED_VALUE"""),"1844") -> 1844 | F50: =IFERROR(__xludf.DUMMYFUNCTION("""COMPUTED_VALUE"""),"zeinabslime1987@gmail.com") -> zeinabslime1987@gmail.com | G50: =IFERROR(__xludf.DUMMYFUNCTION("""COMPUTED_VALUE"""),"01157488697") -> 01157488697
A51: =IFERROR(__xludf.DUMMYFUNCTION("""COMPUTED_VALUE"""),"إحسان طاهر") -> إحسان طاهر | B51: =IFERROR(__xludf.DUMMYFUNCTION("""COMPUTED_VALUE"""),986159246809) -> 986159246809 | C51: =IFERROR(__xludf.DUMMYFUNCTION("""COMPUTED_VALUE"""),"إحسان طاهر") -> إحسان طاهر | D51: =IFERROR(__xludf.DUMMYFUNCTION("""COMPUTED_VALUE"""),"1859") -> 1859 | E51: =IFERROR(__xludf.DUMMYFUNCTION("""COMPUTED_VALUE"""),"EG07-EG08-EG09") -> EG07-EG08-EG09 | F51: =IFERROR(__xludf.DUMMYFUNCTION("""COMPUTED_VALUE"""),"toka.karim22@gmail.com") -> toka.karim22@gmail.com | G51: =IFERROR(__xludf.DUMMYFUNCTION("""COMPUTED_VALUE"""),"01011609935") -> 01011609935
A52: =IFERROR(__xludf.DUMMYFUNCTION("""COMPUTED_VALUE"""),"زهراء صابر") -> زهراء صابر | B52: =IFERROR(__xludf.DUMMYFUNCTION("""COMPUTED_VALUE"""),980198527154) -> 980198527154 | C52: =IFERROR(__xludf.DUMMYFUNCTION("""COMPUTED_VALUE"""),"زهراء صابر") -> زهراء صابر | D52: =IFERROR(__xludf.DUMMYFUNCTION("""COMPUTED_VALUE"""),"1851") -> 1851 | E52: =IFERROR(__xludf.DUMMYFUNCTION("""COMPUTED_VALUE"""),"EG07-EG08-EG09") -> EG07-EG08-EG09 | F52: =IFERROR(__xludf.DUMMYFUNCTION("""COMPUTED_VALUE"""),"zahraasawy@gmail.com") -> zahraasawy@gmail.com | G52: =IFERROR(__xludf.DUMMYFUNCTION("""COMPUTED_VALUE"""),"01146935411") -> 01146935411
A53: =IFERROR(__xludf.DUMMYFUNCTION("""COMPUTED_VALUE"""),"سامح محمود") -> سامح محمود | B53: =IFERROR(__xludf.DUMMYFUNCTION("""COMPUTED_VALUE"""),493132436783) -> 493132436783 | C53: =IFERROR(__xludf.DUMMYFUNCTION("""COMPUTED_VALUE"""),"سامح محمود") -> سامح محمود | D53: =IFERROR(__xludf.DUMMYFUNCTION("""COMPUTED_VALUE"""),"1847") -> 1847 | F53: =IFERROR(__xludf.DUMMYFUNCTION("""COMPUTED_VALUE"""),"mathteacher37age@gmail.com") -> mathteacher37age@gmail.com | G53: =IFERROR(__xludf.DUMMYFUNCTION("""COMPUTED_VALUE"""),"01068212833") -> 01068212833
A54: =IFERROR(__xludf.DUMMYFUNCTION("""COMPUTED_VALUE"""),"أحمد عزب") -> أحمد عزب | B54: =IFERROR(__xludf.DUMMYFUNCTION("""COMPUTED_VALUE"""),490182879383) -> 490182879383 | C54: =IFERROR(__xludf.DUMMYFUNCTION("""COMPUTED_VALUE"""),"أحمد عزب") -> أحمد عزب | D54: =IFERROR(__xludf.DUMMYFUNCTION("""COMPUTED_VALUE"""),"1848") -> 1848 | F54: =IFERROR(__xludf.DUMMYFUNCTION("""COMPUTED_VALUE"""),"ahmad.azaba@yahoo.com") -> ahmad.azaba@yahoo.com | G54: =IFERROR(__xludf.DUMMYFUNCTION("""COMPUTED_VALUE"""),"01154891562") -> 01154891562
A55: =IFERROR(__xludf.DUMMYFUNCTION("""COMPUTED_VALUE"""),"بثينة طه") -> بثينة طه | B55: =IFERROR(__xludf.DUMMYFUNCTION("""COMPUTED_VALUE"""),870102132510) -> 870102132510 | C55: =IFERROR(__xludf.DUMMYFUNCTION("""COMPUTED_VALUE"""),"بثينة طه") -> بثينة طه | D55: =IFERROR(__xludf.DUMMYFUNCTION("""COMPUTED_VALUE"""),"1858") -> 1858 | F55: =IFERROR(__xludf.DUMMYFUNCTION("""COMPUTED_VALUE"""),"bosyt40@gmail.com") -> bosyt40@gmail.com | G55: =IFERROR(__xludf.DUMMYFUNCTION("""COMPUTED_VALUE"""),"01142417157") -> 01142417157
A56: =IFERROR(__xludf.DUMMYFUNCTION("""COMPUTED_VALUE"""),"طلعت أحمد") -> طلعت أحمد | B56: =IFERROR(__xludf.DUMMYFUNCTION("""COMPUTED_VALUE"""),518185761828) -> 518185761828 | C56: =IFERROR(__xludf.DUMMYFUNCTION("""COMPUTED_VALUE"""),"طلعت أحمد") -> طلعت أحمد | D56: =IFERROR(__xludf.DUMMYFUNCTION("""COMPUTED_VALUE"""),1850) -> 1850
A57: =IFERROR(__xludf.DUMMYFUNCTION("""COMPUTED_VALUE"""),"إيمان محمود") -> إيمان محمود | B57: =IFERROR(__xludf.DUMMYFUNCTION("""COMPUTED_VALUE"""),137198142829) -> 137198142829 | C57: =IFERROR(__xludf.DUMMYFUNCTION("""COMPUTED_VALUE"""),"إيمان محمود") -> إيمان محمود | D57: =IFERROR(__xludf.DUMMYFUNCTION("""COMPUTED_VALUE"""),1840) -> 1840 | E57: =IFERROR(__xludf.DUMMYFUNCTION("""COMPUTED_VALUE"""),"EG04-EG05-EG06") -> EG04-EG05-EG06 | F57: =IFERROR(__xludf.DUMMYFUNCTION("""COMPUTED_VALUE"""),"imaneabada@gmail.com") -> imaneabada@gmail.com | G57: =IFERROR(__xludf.DUMMYFUNCTION("""COMPUTED_VALUE"""),"01005729272") -> 01005729272
A58: =IFERROR(__xludf.DUMMYFUNCTION("""COMPUTED_VALUE"""),"جمال مصطفى") -> جمال مصطفى | B58: =IFERROR(__xludf.DUMMYFUNCTION("""COMPUTED_VALUE"""),459127286142) -> 459127286142 | C58: =IFERROR(__xludf.DUMMYFUNCTION("""COMPUTED_VALUE"""),"جمال مصطفى") -> جمال مصطفى | D58: =IFERROR(__xludf.DUMMYFUNCTION("""COMPUTED_VALUE"""),"1862") -> 1862 | F58: =IFERROR(__xludf.DUMMYFUNCTION("""COMPUTED_VALUE"""),"gamal.amer86@hotmail.com") -> gamal.amer86@hotmail.com
A59: =IFERROR(__xludf.DUMMYFUNCTION("""COMPUTED_VALUE"""),"مينا ميلاد") -> مينا ميلاد | B59: =IFERROR(__xludf.DUMMYFUNCTION("""COMPUTED_VALUE"""),580165926053) -> 580165926053 | C59: =IFERROR(__xludf.DUMMYFUNCTION("""COMPUTED_VALUE"""),"مينا ميلاد") -> مينا ميلاد | D59: =IFERROR(__xludf.DUMMYFUNCTION("""COMPUTED_VALUE"""),"1845") -> 1845 | F59: =IFERROR(__xludf.DUMMYFUNCTION("""COMPUTED_VALUE"""),"yostos.mina@gmail.com") -> yostos.mina@gmail.com | G59: =IFERROR(__xludf.DUMMYFUNCTION("""COMPUTED_VALUE"""),"01220683047") -> 01220683047
A60: =IFERROR(__xludf.DUMMYFUNCTION("""COMPUTED_VALUE"""),"أحمد يحيى") -> أحمد يحيى | B60: =IFERROR(__xludf.DUMMYFUNCTION("""COMPUTED_VALUE"""),636182508414) -> 636182508414 | C60: =IFERROR(__xludf.DUMMYFUNCTION("""COMPUTED_VALUE"""),"أحمد يحيى") -> أحمد يحيى | D60: =IFERROR(__xludf.DUMMYFUNCTION("""COMPUTED_VALUE"""),"1846") -> 1846
A61: =IFERROR(__xludf.DUMMYFUNCTION("""COMPUTED_VALUE"""),"ماجدة محمد") -> ماجدة محمد | B61: =IFERROR(__xludf.DUMMYFUNCTION("""COMPUTED_VALUE"""),973132386263) -> 973132386263 | C61: =IFERROR(__xludf.DUMMYFUNCTION("""COMPUTED_VALUE"""),"ماجدة محمد") -> ماجدة محمد | D61: =IFERROR(__xludf.DUMMYFUNCTION("""COMPUTED_VALUE"""),"1798") -> 1798 | F61: =IFERROR(__xludf.DUMMYFUNCTION("""COMPUTED_VALUE"""),"magdaharidy96@gmail.com") -> magdaharidy96@gmail.com | G61: =IFERROR(__xludf.DUMMYFUNCTION("""COMPUTED_VALUE"""),"01011902047") -> 01011902047
A62: =IFERROR(__xludf.DUMMYFUNCTION("""COMPUTED_VALUE"""),"نهى بسيوني") -> نهى بسيوني | B62: =IFERROR(__xludf.DUMMYFUNCTION("""COMPUTED_VALUE"""),736126951732) -> 736126951732 | C62: =IFERROR(__xludf.DUMMYFUNCTION("""COMPUTED_VALUE"""),"نهى بسيوني") -> نهى بسيوني | D62: =IFERROR(__xludf.DUMMYFUNCTION("""COMPUTED_VALUE"""),"1827") -> 1827 | F62: =IFERROR(__xludf.DUMMYFUNCTION("""COMPUTED_VALUE"""),"nohabasuni@yahoo.com") -> nohabasuni@yahoo.com | G62: =IFERROR(__xludf.DUMMYFUNCTION("""COMPUTED_VALUE"""),"01016605503") -> 01016605503
A63: =IFERROR(__xludf.DUMMYFUNCTION("""COMPUTED_VALUE"""),"أماني علام") -> أماني علام | B63: =IFERROR(__xludf.DUMMYFUNCTION("""COMPUTED_VALUE"""),308176953497) -> 308176953497 | C63: =IFERROR(__xludf.DUMMYFUNCTION("""COMPUTED_VALUE"""),"أماني علام") -> أماني علام | D63: =IFERROR(__xludf.DUMMYFUNCTION("""COMPUTED_VALUE"""),"1839") -> 1839 | F63: =IFERROR(__xludf.DUMMYFUNCTION("""COMPUTED_VALUE"""),"amany.allam7@gmail.com") -> amany.allam7@gmail.com
A64: =IFERROR(__xludf.DUMMYFUNCTION("""COMPUTED_VALUE"""),"رضوى صبري") -> رضوى صبري | B64: =IFERROR(__xludf.DUMMYFUNCTION("""COMPUTED_VALUE"""),194141237816) -> 194141237816 | C64: =IFERROR(__xludf.DUMMYFUNCTION("""COMPUTED_VALUE"""),"رضوى صبري") -> رضوى صبري | D64: =IFERROR(__xludf.DUMMYFUNCTION("""COMPUTED_VALUE"""),"1841") -> 1841 | E64: =IFERROR(__xludf.DUMMYFUNCTION("""COMPUTED_VALUE"""),"She won't be with us in the 2nd term.") -> She won't be with us in the 2nd term.
A65: =IFERROR(__xludf.DUMMYFUNCTION("""COMPUTED_VALUE"""),"محمد عباس") -> محمد عباس | B65: =IFERROR(__xludf.DUMMYFUNCTION("""COMPUTED_VALUE"""),595148942145) -> 595148942145 | C65: =IFERROR(__xludf.DUMMYFUNCTION("""COMPUTED_VALUE"""),"محمد عباس") -> محمد عباس | D65: =IFERROR(__xludf.DUMMYFUNCTION("""COMPUTED_VALUE"""),"1853") -> 1853 | F65: =IFERROR(__xludf.DUMMYFUNCTION("""COMPUTED_VALUE"""),"elzehiry96@gmail.com") -> elzehiry96@gmail.com
A66: =IFERROR(__xludf.DUMMYFUNCTION("""COMPUTED_VALUE"""),"حسام حسين") -> حسام حسين | B66: =IFERROR(__xludf.DUMMYFUNCTION("""COMPUTED_VALUE"""),437189298603) -> 437189298603 | C66: =IFERROR(__xludf.DUMMYFUNCTION("""COMPUTED_VALUE"""),"حسام حسين") -> حسام حسين | D66: =IFERROR(__xludf.DUMMYFUNCTION("""COMPUTED_VALUE"""),"1863") -> 1863 | E66: =IFERROR(__xludf.DUMMYFUNCTION("""COMPUTED_VALUE"""),"G11-G12") -> G11-G12
A67: =IFERROR(__xludf.DUMMYFUNCTION("""COMPUTED_VALUE"""),"هبة الله عادل") -> هبة الله عادل | B67: =IFERROR(__xludf.DUMMYFUNCTION("""COMPUTED_VALUE"""),243147538572) -> 243147538572 | C67: =IFERROR(__xludf.DUMMYFUNCTION("""COMPUTED_VALUE"""),"هبة الله عادل") -> هبة الله عادل | D67: =IFERROR(__xludf.DUMMYFUNCTION("""COMPUTED_VALUE"""),"1866") -> 1866 | F67: =IFERROR(__xludf.DUMMYFUNCTION("""COMPUTED_VALUE"""),"hebaadel1795@gmail.com") -> hebaadel1795@gmail.com | G67: =IFERROR(__xludf.DUMMYFUNCTION("""COMPUTED_VALUE"""),"01159608979") -> 01159608979
A68: =IFERROR(__xludf.DUMMYFUNCTION("""COMPUTED_VALUE"""),"أحمد النشار") -> أحمد النشار | B68: =IFERROR(__xludf.DUMMYFUNCTION("""COMPUTED_VALUE"""),853142059206) -> 853142059206 | C68: =IFERROR(__xludf.DUMMYFUNCTION("""COMPUTED_VALUE"""),"أحمد النشار") -> أحمد النشار | D68: =IFERROR(__xludf.DUMMYFUNCTION("""COMPUTED_VALUE"""),"1870") -> 1870 | F68: =IFERROR(__xludf.DUMMYFUNCTION("""COMPUTED_VALUE"""),"dr.nashar1x@gmail.com") -> dr.nashar1x@gmail.com
A69: =IFERROR(__xludf.DUMMYFUNCTION("""COMPUTED_VALUE"""),"داليا حسين") -> داليا حسين | B69: =IFERROR(__xludf.DUMMYFUNCTION("""COMPUTED_VALUE"""),287167641716) -> 287167641716 | C69: =IFERROR(__xludf.DUMMYFUNCTION("""COMPUTED_VALUE"""),"داليا حسين") -> داليا حسين | D69: =IFERROR(__xludf.DUMMYFUNCTION("""COMPUTED_VALUE"""),"1865") -> 1865 | E69: =IFERROR(__xludf.DUMMYFUNCTION("""COMPUTED_VALUE"""),"EG10-EG11-G12") -> EG10-EG11-G12 | F69: =IFERROR(__xludf.DUMMYFUNCTION("""COMPUTED_VALUE"""),"daliahussein999@gmail.com") -> daliahussein999@gmail.com
A70: =IFERROR(__xludf.DUMMYFUNCTION("""COMPUTED_VALUE"""),"إبراهيم الطراوي") -> إبراهيم الطراوي | B70: =IFERROR(__xludf.DUMMYFUNCTION("""COMPUTED_VALUE"""),598191375412) -> 598191375412 | C70: =IFERROR(__xludf.DUMMYFUNCTION("""COMPUTED_VALUE"""),"إبراهيم الطراوي") -> إبراهيم الطراوي | D70: =IFERROR(__xludf.DUMMYFUNCTION("""COMPUTED_VALUE"""),"1869") -> 1869 | E70: =IFERROR(__xludf.DUMMYFUNCTION("""COMPUTED_VALUE"""),"EG04-EG05-EG06-EG07-EG08-EG09") -> EG04-EG05-EG06-EG07-EG08-EG09 | F70: =IFERROR(__xludf.DUMMYFUNCTION("""COMPUTED_VALUE"""),"ibrahim.altrawey@gmail.com") -> ibrahim.altrawey@gmail.com | G70: =IFERROR(__xludf.DUMMYFUNCTION("""COMPUTED_VALUE"""),"01228286453") -> 01228286453
A71: =IFERROR(__xludf.DUMMYFUNCTION("""COMPUTED_VALUE"""),"أحمد عبد العظيم") -> أحمد عبد العظيم | B71: =IFERROR(__xludf.DUMMYFUNCTION("""COMPUTED_VALUE"""),530148208342) -> 530148208342 | C71: =IFERROR(__xludf.DUMMYFUNCTION("""COMPUTED_VALUE"""),"أحمد عبد العظيم") -> أحمد عبد العظيم | D71: =IFERROR(__xludf.DUMMYFUNCTION("""COMPUTED_VALUE"""),"1868") -> 1868 | F71: =IFERROR(__xludf.DUMMYFUNCTION("""COMPUTED_VALUE"""),"ahmedsayed121292@gmail.com") -> ahmedsayed121292@gmail.com | G71: =IFERROR(__xludf.DUMMYFUNCTION("""COMPUTED_VALUE"""),1111733923) -> 1111733923
A72: =IFERROR(__xludf.DUMMYFUNCTION("""COMPUTED_VALUE"""),"آلاء هشام") -> آلاء هشام | B72: =IFERROR(__xludf.DUMMYFUNCTION("""COMPUTED_VALUE"""),535169279095) -> 535169279095 | C72: =IFERROR(__xludf.DUMMYFUNCTION("""COMPUTED_VALUE"""),"آلاء هشام") -> آلاء هشام | D72: =IFERROR(__xludf.DUMMYFUNCTION("""COMPUTED_VALUE"""),"1861") -> 1861 | E72: =IFERROR(__xludf.DUMMYFUNCTION("""COMPUTED_VALUE"""),"EG07-EG08-EG09") -> EG07-EG08-EG09 | F72: =IFERROR(__xludf.DUMMYFUNCTION("""COMPUTED_VALUE"""),"alaahesham492@gmail.com") -> alaahesham492@gmail.com | G72: =IFERROR(__xludf.DUMMYFUNCTION("""COMPUTED_VALUE"""),"01204537345") -> 01204537345
A73: =IFERROR(__xludf.DUMMYFUNCTION("""COMPUTED_VALUE"""),"بيشوي وديع") -> بيشوي وديع | B73: =IFERROR(__xludf.DUMMYFUNCTION("""COMPUTED_VALUE"""),165178526464) -> 165178526464 | C73: =IFERROR(__xludf.DUMMYFUNCTION("""COMPUTED_VALUE"""),"بيشوي وديع") -> بيشوي وديع | D73: =IFERROR(__xludf.DUMMYFUNCTION("""COMPUTED_VALUE"""),"1867") -> 1867 | E73: =IFERROR(__xludf.DUMMYFUNCTION("""COMPUTED_VALUE"""),"EG10-EG11-G12") -> EG10-EG11-G12 | F73: =IFERROR(__xludf.DUMMYFUNCTION("""COMPUTED_VALUE"""),"bishoywadea.7@gmail.com") -> bishoywadea.7@gmail.com | G73: =IFERROR(__xludf.DUMMYFUNCTION("""COMPUTED_VALUE"""),"01220405245") -> 01220405245
A74: =IFERROR(__xludf.DUMMYFUNCTION("""COMPUTED_VALUE"""),"جوزيف إميل") -> جوزيف إميل | B74: =IFERROR(__xludf.DUMMYFUNCTION("""COMPUTED_VALUE"""),206152939465) -> 206152939465 | C74: =IFERROR(__xludf.DUMMYFUNCTION("""COMPUTED_VALUE"""),"جوزيف إميل") -> جوزيف إميل | D74: =IFERROR(__xludf.DUMMYFUNCTION("""COMPUTED_VALUE"""),"1864") -> 1864 | E74: =IFERROR(__xludf.DUMMYFUNCTION("""COMPUTED_VALUE"""),"G11-G12") -> G11-G12 | F74: =IFERROR(__xludf.DUMMYFUNCTION("""COMPUTED_VALUE"""),"josephemil.jojo@gmail.com") -> josephemil.jojo@gmail.com | G74: =IFERROR(__xludf.DUMMYFUNCTION("""COMPUTED_VALUE"""),"+201228157318") -> +201228157318
A75: =IFERROR(__xludf.DUMMYFUNCTION("""COMPUTED_VALUE"""),"سارة لطفي") -> سارة لطفي | B75: =IFERROR(__xludf.DUMMYFUNCTION("""COMPUTED_VALUE"""),357195672504) -> 357195672504 | C75: =IFERROR(__xludf.DUMMYFUNCTION("""COMPUTED_VALUE"""),"سارة لطفي") -> سارة لطفي | D75: =IFERROR(__xludf.DUMMYFUNCTION("""COMPUTED_VALUE"""),"1860") -> 1860 | F75: =IFERROR(__xludf.DUMMYFUNCTION("""COMPUTED_VALUE"""),"sarahelfeqy757@gmail.com") -> sarahelfeqy757@gmail.com | G75: =IFERROR(__xludf.DUMMYFUNCTION("""COMPUTED_VALUE"""),"01025935755") -> 01025935755
A76: =IFERROR(__xludf.DUMMYFUNCTION("""COMPUTED_VALUE"""),"رحاب توفيق") -> رحاب توفيق | B76: =IFERROR(__xludf.DUMMYFUNCTION("""COMPUTED_VALUE"""),262187939345) -> 262187939345 | C76: =IFERROR(__xludf.DUMMYFUNCTION("""COMPUTED_VALUE"""),"رحاب توفيق") -> رحاب توفيق | D76: =IFERROR(__xludf.DUMMYFUNCTION("""COMPUTED_VALUE"""),"1873") -> 1873 | F76: =IFERROR(__xludf.DUMMYFUNCTION("""COMPUTED_VALUE"""),"rehabtawfik8@gmail.com") -> rehabtawfik8@gmail.com
A77: =IFERROR(__xludf.DUMMYFUNCTION("""COMPUTED_VALUE"""),"فاطمة أحمد") -> فاطمة أحمد | B77: =IFERROR(__xludf.DUMMYFUNCTION("""COMPUTED_VALUE"""),307134532301) -> 307134532301 | C77: =IFERROR(__xludf.DUMMYFUNCTION("""COMPUTED_VALUE"""),"فاطمة أحمد") -> فاطمة أحمد | D77: =IFERROR(__xludf.DUMMYFUNCTION("""COMPUTED_VALUE"""),"1888") -> 1888 | E77: =IFERROR(__xludf.DUMMYFUNCTION("""COMPUTED_VALUE"""),"G12") -> G12
A78: =IFERROR(__xludf.DUMMYFUNCTION("""COMPUTED_VALUE"""),"إسلام ممدوح") -> إسلام ممدوح | B78: =IFERROR(__xludf.DUMMYFUNCTION("""COMPUTED_VALUE"""),920135701295) -> 920135701295 | C78: =IFERROR(__xludf.DUMMYFUNCTION("""COMPUTED_VALUE"""),"إسلام ممدوح") -> إسلام ممدوح | D78: =IFERROR(__xludf.DUMMYFUNCTION("""COMPUTED_VALUE"""),"1887") -> 1887 | E78: =IFERROR(__xludf.DUMMYFUNCTION("""COMPUTED_VALUE"""),"G11-G12") -> G11-G12 | F78: =IFERROR(__xludf.DUMMYFUNCTION("""COMPUTED_VALUE"""),"mr.eslammamdohphysics@gmail.com") -> mr.eslammamdohphysics@gmail.com | G78: =IFERROR(__xludf.DUMMYFUNCTION("""COMPUTED_VALUE"""),"01220501541 / 01006878086") -> 01220501541 / 01006878086
A79: =IFERROR(__xludf.DUMMYFUNCTION("""COMPUTED_VALUE"""),"غيث عاطف") -> غيث عاطف | B79: =IFERROR(__xludf.DUMMYFUNCTION("""COMPUTED_VALUE"""),503190357270) -> 503190357270 | C79: =IFERROR(__xludf.DUMMYFUNCTION("""COMPUTED_VALUE"""),"غيث عاطف") -> غيث عاطف | D79: =IFERROR(__xludf.DUMMYFUNCTION("""COMPUTED_VALUE"""),"1890") -> 1890 | F79: =IFERROR(__xludf.DUMMYFUNCTION("""COMPUTED_VALUE"""),"mrghies85@gmail.com") -> mrghies85@gmail.com | G79: =IFERROR(__xludf.DUMMYFUNCTION("""COMPUTED_VALUE"""),"01007657654") -> 01007657654
A80: =IFERROR(__xludf.DUMMYFUNCTION("""COMPUTED_VALUE"""),"هويدا منصور") -> هويدا منصور | B80: =IFERROR(__xludf.DUMMYFUNCTION("""COMPUTED_VALUE"""),956106960751) -> 956106960751 | C80: =IFERROR(__xludf.DUMMYFUNCTION("""COMPUTED_VALUE"""),"هويدا منصور") -> هويدا منصور | D80: =IFERROR(__xludf.DUMMYFUNCTION("""COMPUTED_VALUE"""),"1885") -> 1885 | E80: =IFERROR(__xludf.DUMMYFUNCTION("""COMPUTED_VALUE"""),"EG04-EG05-EG06") -> EG04-EG05-EG06 | F80: =IFERROR(__xludf.DUMMYFUNCTION("""COMPUTED_VALUE"""),"dodoelzohry22@gmail.com") -> dodoelzohry22@gmail.com | G80: =IFERROR(__xludf.DUMMYFUNCTION("""COMPUTED_VALUE"""),"01090569530") -> 01090569530
A81: =IFERROR(__xludf.DUMMYFUNCTION("""COMPUTED_VALUE"""),"ليلى السيد") -> ليلى السيد | B81: =IFERROR(__xludf.DUMMYFUNCTION("""COMPUTED_VALUE"""),402170847265) -> 402170847265 | C81: =IFERROR(__xludf.DUMMYFUNCTION("""COMPUTED_VALUE"""),"ليلى السيد") -> ليلى السيد | D81: =IFERROR(__xludf.DUMMYFUNCTION("""COMPUTED_VALUE"""),"1883") -> 1883 | F81: =IFERROR(__xludf.DUMMYFUNCTION("""COMPUTED_VALUE"""),"lailaelsayed3@gmail.com") -> lailaelsayed3@gmail.com
A82: =IFERROR(__xludf.DUMMYFUNCTION("""COMPUTED_VALUE"""),"آيات أبو العلا") -> آيات أبو العلا | B82: =IFERROR(__xludf.DUMMYFUNCTION("""COMPUTED_VALUE"""),895196457504) -> 895196457504 | C82: =IFERROR(__xludf.DUMMYFUNCTION("""COMPUTED_VALUE"""),"آيات أبو العلا") -> آيات أبو العلا | D82: =IFERROR(__xludf.DUMMYFUNCTION("""COMPUTED_VALUE"""),1886) -> 1886
A83: =IFERROR(__xludf.DUMMYFUNCTION("""COMPUTED_VALUE"""),"أحمد مختار") -> أحمد مختار | B83: =IFERROR(__xludf.DUMMYFUNCTION("""COMPUTED_VALUE"""),513102701368) -> 513102701368 | C83: =IFERROR(__xludf.DUMMYFUNCTION("""COMPUTED_VALUE"""),"أحمد مختار") -> أحمد مختار | D83: =IFERROR(__xludf.DUMMYFUNCTION("""COMPUTED_VALUE"""),"1892") -> 1892 | E83: =IFERROR(__xludf.DUMMYFUNCTION("""COMPUTED_VALUE"""),"G11-G12") -> G11-G12 | F83: =IFERROR(__xludf.DUMMYFUNCTION("""COMPUTED_VALUE"""),"elshahaly.ahmed.2.96@gmail.com") -> elshahaly.ahmed.2.96@gmail.com | G83: =IFERROR(__xludf.DUMMYFUNCTION("""COMPUTED_VALUE"""),"01275541280") -> 01275541280
A84: =IFERROR(__xludf.DUMMYFUNCTION("""COMPUTED_VALUE"""),"إبراهيم فريد") -> إبراهيم فريد | B84: =IFERROR(__xludf.DUMMYFUNCTION("""COMPUTED_VALUE"""),537125814019) -> 537125814019 | C84: =IFERROR(__xludf.DUMMYFUNCTION("""COMPUTED_VALUE"""),"إبراهيم فريد") -> إبراهيم فريد | D84: =IFERROR(__xludf.DUMMYFUNCTION("""COMPUTED_VALUE"""),"1899") -> 1899 | F84: =IFERROR(__xludf.DUMMYFUNCTION("""COMPUTED_VALUE"""),"i.aboserie@gmail.com") -> i.aboserie@gmail.com | G84: =IFERROR(__xludf.DUMMYFUNCTION("""COMPUTED_VALUE"""),"01226531038") -> 01226531038
A85: =IFERROR(__xludf.DUMMYFUNCTION("""COMPUTED_VALUE"""),"سارة عبد الحليم") -> سارة عبد الحليم | B85: =IFERROR(__xludf.DUMMYFUNCTION("""COMPUTED_VALUE"""),818193063651) -> 818193063651 | C85: =IFERROR(__xludf.DUMMYFUNCTION("""COMPUTED_VALUE"""),"سارة عبد الحليم") -> سارة عبد الحليم | D85: =IFERROR(__xludf.DUMMYFUNCTION("""COMPUTED_VALUE"""),"1898") -> 1898 | E85: =IFERROR(__xludf.DUMMYFUNCTION("""COMPUTED_VALUE"""),"EG07-EG08-EG09") -> EG07-EG08-EG09 | F85: =IFERROR(__xludf.DUMMYFUNCTION("""COMPUTED_VALUE"""),"saraabualm2121@gmail.com") -> saraabualm2121@gmail.com | G85: =IFERROR(__xludf.DUMMYFUNCTION("""COMPUTED_VALUE"""),1124777848) -> 1124777848
A86: =IFERROR(__xludf.DUMMYFUNCTION("""COMPUTED_VALUE"""),"محمد كمال") -> محمد كمال | B86: =IFERROR(__xludf.DUMMYFUNCTION("""COMPUTED_VALUE"""),876163930275) -> 876163930275 | C86: =IFERROR(__xludf.DUMMYFUNCTION("""COMPUTED_VALUE"""),"محمد كمال") -> محمد كمال | D86: =IFERROR(__xludf.DUMMYFUNCTION("""COMPUTED_VALUE"""),1374) -> 1374 | F86: =IFERROR(__xludf.DUMMYFUNCTION("""COMPUTED_VALUE"""),"mohamed.ahmed.kamal@nagwa.com") -> mohamed.ahmed.kamal@nagwa.com | G86: =IFERROR(__xludf.DUMMYFUNCTION("""COMPUTED_VALUE"""),"01001120294") -> 01001120294
A87: =IFERROR(__xludf.DUMMYFUNCTION("""COMPUTED_VALUE"""),"إسراء إبراهيم") -> إسراء إبراهيم | B87: =IFERROR(__xludf.DUMMYFUNCTION("""COMPUTED_VALUE"""),438168047047) -> 438168047047 | C87: =IFERROR(__xludf.DUMMYFUNCTION("""COMPUTED_VALUE"""),"إسراء إبراهيم") -> إسراء إبراهيم | D87: =IFERROR(__xludf.DUMMYFUNCTION("""COMPUTED_VALUE"""),"1907") -> 1907 | E87: =IFERROR(__xludf.DUMMYFUNCTION("""COMPUTED_VALUE"""),"EG04-EG05-EG06-EG07-EG08-EG09") -> EG04-EG05-EG06-EG07-EG08-EG09 | F87: =IFERROR(__xludf.DUMMYFUNCTION("""COMPUTED_VALUE"""),"esraa.eid.95@gmail.com") -> esraa.eid.95@gmail.com | G87: =IFERROR(__xludf.DUMMYFUNCTION("""COMPUTED_VALUE"""),"01009980720") -> 01009980720
A88: =IFERROR(__xludf.DUMMYFUNCTION("""COMPUTED_VALUE"""),"إسلام السيد") -> إسلام السيد | B88: =IFERROR(__xludf.DUMMYFUNCTION("""COMPUTED_VALUE"""),512143279207) -> 512143279207 | C88: =IFERROR(__xludf.DUMMYFUNCTION("""COMPUTED_VALUE"""),"إسلام السيد") -> إسلام السيد | D88: =IFERROR(__xludf.DUMMYFUNCTION("""COMPUTED_VALUE"""),"1901") -> 1901 | F88: =IFERROR(__xludf.DUMMYFUNCTION("""COMPUTED_VALUE"""),"mr.eslamelsyed@gmail.com") -> mr.eslamelsyed@gmail.com | G88: =IFERROR(__xludf.DUMMYFUNCTION("""COMPUTED_VALUE"""),"01004928895") -> 01004928895
A89: =IFERROR(__xludf.DUMMYFUNCTION("""COMPUTED_VALUE"""),"رحمة سعيد") -> رحمة سعيد | B89: =IFERROR(__xludf.DUMMYFUNCTION("""COMPUTED_VALUE"""),578138935094) -> 578138935094 | C89: =IFERROR(__xludf.DUMMYFUNCTION("""COMPUTED_VALUE"""),"رحمة سعيد") -> رحمة سعيد | D89: =IFERROR(__xludf.DUMMYFUNCTION("""COMPUTED_VALUE"""),"1897") -> 1897 | E89: =IFERROR(__xludf.DUMMYFUNCTION("""COMPUTED_VALUE"""),"EG01-EG02-EG03-EG04-EG05-EG06") -> EG01-EG02-EG03-EG04-EG05-EG06 | F89: =IFERROR(__xludf.DUMMYFUNCTION("""COMPUTED_VALUE"""),"rahmasaeed600@gmail.com") -> rahmasaeed600@gmail.com | G89: =IFERROR(__xludf.DUMMYFUNCTION("""COMPUTED_VALUE"""),"01140946934") -> 01140946934
A90: =IFERROR(__xludf.DUMMYFUNCTION("""COMPUTED_VALUE"""),"مريم محمد") -> مريم محمد | B90: =IFERROR(__xludf.DUMMYFUNCTION("""COMPUTED_VALUE"""),239129619815) -> 239129619815 | C90: =IFERROR(__xludf.DUMMYFUNCTION("""COMPUTED_VALUE"""),"مريم محمد") -> مريم محمد | D90: =IFERROR(__xludf.DUMMYFUNCTION("""COMPUTED_VALUE"""),"1900") -> 1900 | F90: =IFERROR(__xludf.DUMMYFUNCTION("""COMPUTED_VALUE"""),"mariamabdelkader292@gmail.com") -> mariamabdelkader292@gmail.com | G90: =IFERROR(__xludf.DUMMYFUNCTION("""COMPUTED_VALUE"""),201115757521) -> 201115757521
A91: =IFERROR(__xludf.DUMMYFUNCTION("""COMPUTED_VALUE"""),"فادي جبرائيل") -> فادي جبرائيل | B91: =IFERROR(__xludf.DUMMYFUNCTION("""COMPUTED_VALUE"""),675168783816) -> 675168783816 | C91: =IFERROR(__xludf.DUMMYFUNCTION("""COMPUTED_VALUE"""),"فادي جبرائيل") -> فادي جبرائيل | D91: =IFERROR(__xludf.DUMMYFUNCTION("""COMPUTED_VALUE"""),"1909") -> 1909 | E91: =IFERROR(__xludf.DUMMYFUNCTION("""COMPUTED_VALUE"""),"EG10-EG11-G12") -> EG10-EG11-G12 | F91: =IFERROR(__xludf.DUMMYFUNCTION("""COMPUTED_VALUE"""),"fady.gobrail@gmail.com") -> fady.gobrail@gmail.com | G91: =IFERROR(__xludf.DUMMYFUNCTION("""COMPUTED_VALUE"""),"035400651") -> 035400651
A92: =IFERROR(__xludf.DUMMYFUNCTION("""COMPUTED_VALUE"""),"ياسمين هشام") -> ياسمين هشام | B92: =IFERROR(__xludf.DUMMYFUNCTION("""COMPUTED_VALUE"""),213156056568) -> 213156056568 | C92: =IFERROR(__xludf.DUMMYFUNCTION("""COMPUTED_VALUE"""),"ياسمين هشام") -> ياسمين هشام | D92: =IFERROR(__xludf.DUMMYFUNCTION("""COMPUTED_VALUE"""),"1911") -> 1911 | F92: =IFERROR(__xludf.DUMMYFUNCTION("""COMPUTED_VALUE"""),"jess.hisham@gmail.com") -> jess.hisham@gmail.com | G92: =IFERROR(__xludf.DUMMYFUNCTION("""COMPUTED_VALUE"""),"01000347446") -> 01000347446
A93: =IFERROR(__xludf.DUMMYFUNCTION("""COMPUTED_VALUE"""),"أحمد الديري") -> أحمد الديري | B93: =IFERROR(__xludf.DUMMYFUNCTION("""COMPUTED_VALUE"""),160143206257) -> 160143206257 | C93: =IFERROR(__xludf.DUMMYFUNCTION("""COMPUTED_VALUE"""),"أحمد الديري") -> أحمد الديري | D93: =IFERROR(__xludf.DUMMYFUNCTION("""COMPUTED_VALUE"""),"1918") -> 1918 | E93: =IFERROR(__xludf.DUMMYFUNCTION("""COMPUTED_VALUE"""),"EG10-EG11") -> EG10-EG11 | F93: =IFERROR(__xludf.DUMMYFUNCTION("""COMPUTED_VALUE"""),"ahmedhamada07@gmail.com") -> ahmedhamada07@gmail.com
A94: =IFERROR(__xludf.DUMMYFUNCTION("""COMPUTED_VALUE"""),"أحمد عبد الرزاق") -> أحمد عبد الرزاق | B94: =IFERROR(__xludf.DUMMYFUNCTION("""COMPUTED_VALUE"""),545169685360) -> 545169685360 | C94: =IFERROR(__xludf.DUMMYFUNCTION("""COMPUTED_VALUE"""),"أحمد عبد الرزاق") -> أحمد عبد الرزاق | D94: =IFERROR(__xludf.DUMMYFUNCTION("""COMPUTED_VALUE"""),"1916") -> 1916 | E94: =IFERROR(__xludf.DUMMYFUNCTION("""COMPUTED_VALUE"""),"EG07-EG08-EG09-EG10") -> EG07-EG08-EG09-EG10 | F94: =IFERROR(__xludf.DUMMYFUNCTION("""COMPUTED_VALUE"""),"ahmedabdelrazakmail@gmail.com") -> ahmedabdelrazakmail@gmail.com | G94: =IFERROR(__xludf.DUMMYFUNCTION("""COMPUTED_VALUE"""),"01144483106") -> 01144483106
A95: =IFERROR(__xludf.DUMMYFUNCTION("""COMPUTED_VALUE"""),"أحمد سمير") -> أحمد سمير | B95: =IFERROR(__xludf.DUMMYFUNCTION("""COMPUTED_VALUE"""),578168047263) -> 578168047263 | C95: =IFERROR(__xludf.DUMMYFUNCTION("""COMPUTED_VALUE"""),"أحمد سمير") -> أحمد سمير | D95: =IFERROR(__xludf.DUMMYFUNCTION("""COMPUTED_VALUE"""),1906) -> 1906 | F95: =IFERROR(__xludf.DUMMYFUNCTION("""COMPUTED_VALUE"""),"mrahmedsamer30@gmail.com") -> mrahmedsamer30@gmail.com | G95: =IFERROR(__xludf.DUMMYFUNCTION("""COMPUTED_VALUE"""),"01060665053") -> 01060665053
A96: =IFERROR(__xludf.DUMMYFUNCTION("""COMPUTED_VALUE"""),"هادي الشاعر") -> هادي الشاعر | B96: =IFERROR(__xludf.DUMMYFUNCTION("""COMPUTED_VALUE"""),176131232361) -> 176131232361 | C96: =IFERROR(__xludf.DUMMYFUNCTION("""COMPUTED_VALUE"""),"هادي الشاعر") -> هادي الشاعر | D96: =IFERROR(__xludf.DUMMYFUNCTION("""COMPUTED_VALUE"""),"1904") -> 1904 | F96: =IFERROR(__xludf.DUMMYFUNCTION("""COMPUTED_VALUE"""),"hadyelshaer8@gmail.com") -> hadyelshaer8@gmail.com | G96: =IFERROR(__xludf.DUMMYFUNCTION("""COMPUTED_VALUE"""),"01067571417") -> 01067571417
A97: =IFERROR(__xludf.DUMMYFUNCTION("""COMPUTED_VALUE"""),"سالي إبراهيم") -> سالي إبراهيم | B97: =IFERROR(__xludf.DUMMYFUNCTION("""COMPUTED_VALUE"""),829179380761) -> 829179380761 | C97: =IFERROR(__xludf.DUMMYFUNCTION("""COMPUTED_VALUE"""),"سالي إبراهيم") -> سالي إبراهيم | D97: =IFERROR(__xludf.DUMMYFUNCTION("""COMPUTED_VALUE"""),1915) -> 1915 | F97: =IFERROR(__xludf.DUMMYFUNCTION("""COMPUTED_VALUE"""),"dr.sallyibrahem70@gmail.com") -> dr.sallyibrahem70@gmail.com | G97: =IFERROR(__xludf.DUMMYFUNCTION("""COMPUTED_VALUE"""),"01009604394") -> 01009604394
A98: =IFERROR(__xludf.DUMMYFUNCTION("""COMPUTED_VALUE"""),"هشام إبراهيم") -> هشام إبراهيم | B98: =IFERROR(__xludf.DUMMYFUNCTION("""COMPUTED_VALUE"""),517143909782) -> 517143909782 | C98: =IFERROR(__xludf.DUMMYFUNCTION("""COMPUTED_VALUE"""),"هشام إبراهيم") -> هشام إبراهيم | D98: =IFERROR(__xludf.DUMMYFUNCTION("""COMPUTED_VALUE"""),"1922") -> 1922
A99: =IFERROR(__xludf.DUMMYFUNCTION("""COMPUTED_VALUE"""),"حنان بدوي") -> حنان بدوي | B99: =IFERROR(__xludf.DUMMYFUNCTION("""COMPUTED_VALUE"""),239130462525) -> 239130462525 | C99: =IFERROR(__xludf.DUMMYFUNCTION("""COMPUTED_VALUE"""),"حنان بدوي") -> حنان بدوي | D99: =IFERROR(__xludf.DUMMYFUNCTION("""COMPUTED_VALUE"""),"1913") -> 1913
A100: =IFERROR(__xludf.DUMMYFUNCTION("""COMPUTED_VALUE"""),"مدحت صابر") -> مدحت صابر | B100: =IFERROR(__xludf.DUMMYFUNCTION("""COMPUTED_VALUE"""),983164352707) -> 983164352707 | C100: =IFERROR(__xludf.DUMMYFUNCTION("""COMPUTED_VALUE"""),"مدحت صابر") -> مدحت صابر | D100: =IFERROR(__xludf.DUMMYFUNCTION("""COMPUTED_VALUE"""),"1919") -> 1919 | F100: =IFERROR(__xludf.DUMMYFUNCTION("""COMPUTED_VALUE"""),"sabermedhat9@gmail.com") -> sabermedhat9@gmail.com | G100: =IFERROR(__xludf.DUMMYFUNCTION("""COMPUTED_VALUE"""),"01006463329") -> 01006463329
...
